concept,color,weight,se,hex,barStroke,expCountry
angry,A1,0.3566,0.0503,#656168,#656168,mdg
angry,A2,0.346,0.0483,#9d97a0,#9d97a0,mdg
angry,A3,0.2608,0.0432,#d8cfdb,#d8cfdb,mdg
angry,BK,0.5532,0.0552,#323033,#323033,mdg
angry,DB,0.21,0.0367,#386089,#386089,mdg
angry,DC,0.2428,0.0412,#297375,#297375,mdg
angry,DG,0.2624,0.0408,#21704f,#21704f,mdg
angry,DH,0.2688,0.0459,#677f35,#677f35,mdg
angry,DO,0.3696,0.0501,#864d2b,#864d2b,mdg
angry,DP,0.2694,0.0445,#723484,#723484,mdg
angry,DR,0.6368,0.0493,#8a2b38,#8a2b38,mdg
angry,DY,0.2996,0.0481,#8a7527,#8a7527,mdg
angry,LB,0.1918,0.0363,#aacffb,#aacffb,mdg
angry,LC,0.2486,0.0423,#9de5e4,#9de5e4,mdg
angry,LG,0.2164,0.0425,#95e2b8,#95e2b8,mdg
angry,LH,0.2452,0.0426,#dbf099,#dbf099,mdg
angry,LO,0.2472,0.043,#fbc9a3,#fbc9a3,mdg
angry,LP,0.286,0.0443,#dfa7fa,#dfa7fa,mdg
angry,LR,0.2906,0.0471,#fc9fa3,#fc9fa3,mdg
angry,LY,0.1766,0.0378,#fff498,#fff498,mdg
angry,MB,0.2364,0.0384,#7196c0,#7196c0,mdg
angry,MC,0.2342,0.037,#65acac,#65acac,mdg
angry,MG,0.2246,0.0377,#62ae88,#62ae88,mdg
angry,MH,0.2696,0.0393,#a0b668,#a0b668,mdg
angry,MO,0.2308,0.037,#ce916c,#ce916c,mdg
angry,MP,0.1816,0.0317,#a66fbd,#a66fbd,mdg
angry,MR,0.3636,0.0504,#c5666b,#c5666b,mdg
angry,MY,0.208,0.0402,#dab572,#dab572,mdg
angry,SB,0.1782,0.0363,#4fa7ef,#4fa7ef,mdg
angry,SC,0.2216,0.0429,#27d1cd,#27d1cd,mdg
angry,SG,0.1858,0.0374,#04c981,#04c981,mdg
angry,SH,0.247,0.0462,#bde638,#bde638,mdg
angry,SO,0.3094,0.0476,#f89e2d,#f89e2d,mdg
angry,SP,0.252,0.0449,#b740da,#b740da,mdg
angry,SR,0.621,0.0563,#f03a52,#f03a52,mdg
angry,SY,0.3104,0.0521,#fff329,#fff329,mdg
angry,WH,0.1804,0.0338,#ffffff,#000000,mdg
banana,A1,0.1342,0.0293,#656168,#656168,mdg
banana,A2,0.179,0.0362,#9d97a0,#9d97a0,mdg
banana,A3,0.187,0.0408,#d8cfdb,#d8cfdb,mdg
banana,BK,0.148,0.0356,#323033,#323033,mdg
banana,DB,0.1018,0.0242,#386089,#386089,mdg
banana,DC,0.1208,0.0292,#297375,#297375,mdg
banana,DG,0.4858,0.0552,#21704f,#21704f,mdg
banana,DH,0.4152,0.0517,#677f35,#677f35,mdg
banana,DO,0.1568,0.0299,#864d2b,#864d2b,mdg
banana,DP,0.156,0.03,#723484,#723484,mdg
banana,DR,0.1314,0.0302,#8a2b38,#8a2b38,mdg
banana,DY,0.3506,0.0509,#8a7527,#8a7527,mdg
banana,LB,0.128,0.0311,#aacffb,#aacffb,mdg
banana,LC,0.1574,0.0354,#9de5e4,#9de5e4,mdg
banana,LG,0.3196,0.0452,#95e2b8,#95e2b8,mdg
banana,LH,0.4714,0.0514,#dbf099,#dbf099,mdg
banana,LO,0.2138,0.0374,#fbc9a3,#fbc9a3,mdg
banana,LP,0.1624,0.0349,#dfa7fa,#dfa7fa,mdg
banana,LR,0.1704,0.0347,#fc9fa3,#fc9fa3,mdg
banana,LY,0.5138,0.0557,#fff498,#fff498,mdg
banana,MB,0.0884,0.0229,#7196c0,#7196c0,mdg
banana,MC,0.1772,0.0363,#65acac,#65acac,mdg
banana,MG,0.4852,0.0513,#62ae88,#62ae88,mdg
banana,MH,0.4936,0.0482,#a0b668,#a0b668,mdg
banana,MO,0.231,0.0377,#ce916c,#ce916c,mdg
banana,MP,0.1404,0.0284,#a66fbd,#a66fbd,mdg
banana,MR,0.1646,0.0315,#c5666b,#c5666b,mdg
banana,MY,0.4714,0.051,#dab572,#dab572,mdg
banana,SB,0.1002,0.0244,#4fa7ef,#4fa7ef,mdg
banana,SC,0.1442,0.0307,#27d1cd,#27d1cd,mdg
banana,SG,0.5318,0.0536,#04c981,#04c981,mdg
banana,SH,0.6356,0.056,#bde638,#bde638,mdg
banana,SO,0.424,0.0529,#f89e2d,#f89e2d,mdg
banana,SP,0.1486,0.0292,#b740da,#b740da,mdg
banana,SR,0.1622,0.0397,#f03a52,#f03a52,mdg
banana,SY,0.7812,0.0472,#fff329,#fff329,mdg
banana,WH,0.2136,0.0424,#ffffff,#000000,mdg
death,A1,0.7284,0.0467,#656168,#656168,mdg
death,A2,0.5956,0.0493,#9d97a0,#9d97a0,mdg
death,A3,0.424,0.0557,#d8cfdb,#d8cfdb,mdg
death,BK,0.8658,0.0355,#323033,#323033,mdg
death,DB,0.1568,0.0374,#386089,#386089,mdg
death,DC,0.1532,0.0305,#297375,#297375,mdg
death,DG,0.1972,0.0368,#21704f,#21704f,mdg
death,DH,0.2044,0.0407,#677f35,#677f35,mdg
death,DO,0.2514,0.0424,#864d2b,#864d2b,mdg
death,DP,0.5514,0.0576,#723484,#723484,mdg
death,DR,0.3004,0.0477,#8a2b38,#8a2b38,mdg
death,DY,0.2314,0.0407,#8a7527,#8a7527,mdg
death,LB,0.185,0.0322,#aacffb,#aacffb,mdg
death,LC,0.1624,0.0293,#9de5e4,#9de5e4,mdg
death,LG,0.1748,0.0334,#95e2b8,#95e2b8,mdg
death,LH,0.2336,0.042,#dbf099,#dbf099,mdg
death,LO,0.1808,0.03,#fbc9a3,#fbc9a3,mdg
death,LP,0.3108,0.0467,#dfa7fa,#dfa7fa,mdg
death,LR,0.1498,0.0297,#fc9fa3,#fc9fa3,mdg
death,LY,0.2032,0.0421,#fff498,#fff498,mdg
death,MB,0.1734,0.03,#7196c0,#7196c0,mdg
death,MC,0.1898,0.0353,#65acac,#65acac,mdg
death,MG,0.1464,0.0286,#62ae88,#62ae88,mdg
death,MH,0.2532,0.0406,#a0b668,#a0b668,mdg
death,MO,0.1584,0.0294,#ce916c,#ce916c,mdg
death,MP,0.4454,0.0528,#a66fbd,#a66fbd,mdg
death,MR,0.1808,0.0321,#c5666b,#c5666b,mdg
death,MY,0.1964,0.0346,#dab572,#dab572,mdg
death,SB,0.1692,0.0359,#4fa7ef,#4fa7ef,mdg
death,SC,0.1748,0.0298,#27d1cd,#27d1cd,mdg
death,SG,0.108,0.0234,#04c981,#04c981,mdg
death,SH,0.1642,0.0338,#bde638,#bde638,mdg
death,SO,0.1526,0.0321,#f89e2d,#f89e2d,mdg
death,SP,0.5226,0.0577,#b740da,#b740da,mdg
death,SR,0.2782,0.0482,#f03a52,#f03a52,mdg
death,SY,0.1248,0.0324,#fff329,#fff329,mdg
death,WH,0.5016,0.06,#ffffff,#000000,mdg
happy,A1,0.199,0.0359,#656168,#656168,mdg
happy,A2,0.241,0.0424,#9d97a0,#9d97a0,mdg
happy,A3,0.5554,0.053900000000000003,#d8cfdb,#d8cfdb,mdg
happy,BK,0.1658,0.0332,#323033,#323033,mdg
happy,DB,0.4474,0.0514,#386089,#386089,mdg
happy,DC,0.2986,0.0431,#297375,#297375,mdg
happy,DG,0.4178,0.0502,#21704f,#21704f,mdg
happy,DH,0.268,0.0399,#677f35,#677f35,mdg
happy,DO,0.2284,0.0358,#864d2b,#864d2b,mdg
happy,DP,0.2502,0.0447,#723484,#723484,mdg
happy,DR,0.2998,0.0452,#8a2b38,#8a2b38,mdg
happy,DY,0.3058,0.0454,#8a7527,#8a7527,mdg
happy,LB,0.4598,0.0461,#aacffb,#aacffb,mdg
happy,LC,0.4184,0.0478,#9de5e4,#9de5e4,mdg
happy,LG,0.4064,0.0463,#95e2b8,#95e2b8,mdg
happy,LH,0.499,0.0473,#dbf099,#dbf099,mdg
happy,LO,0.4274,0.0515,#fbc9a3,#fbc9a3,mdg
happy,LP,0.4038,0.0449,#dfa7fa,#dfa7fa,mdg
happy,LR,0.4454,0.0512,#fc9fa3,#fc9fa3,mdg
happy,LY,0.5206,0.0492,#fff498,#fff498,mdg
happy,MB,0.3798,0.0493,#7196c0,#7196c0,mdg
happy,MC,0.3156,0.0451,#65acac,#65acac,mdg
happy,MG,0.3396,0.0491,#62ae88,#62ae88,mdg
happy,MH,0.2844,0.0447,#a0b668,#a0b668,mdg
happy,MO,0.32,0.0415,#ce916c,#ce916c,mdg
happy,MP,0.264,0.045,#a66fbd,#a66fbd,mdg
happy,MR,0.364,0.0471,#c5666b,#c5666b,mdg
happy,MY,0.3434,0.0438,#dab572,#dab572,mdg
happy,SB,0.5384,0.0535,#4fa7ef,#4fa7ef,mdg
happy,SC,0.501,0.0505,#27d1cd,#27d1cd,mdg
happy,SG,0.4842,0.0562,#04c981,#04c981,mdg
happy,SH,0.5226,0.0501,#bde638,#bde638,mdg
happy,SO,0.5424,0.0509,#f89e2d,#f89e2d,mdg
happy,SP,0.3078,0.0504,#b740da,#b740da,mdg
happy,SR,0.5492,0.0589,#f03a52,#f03a52,mdg
happy,SY,0.5928,0.0557,#fff329,#fff329,mdg
happy,WH,0.701,0.0478,#ffffff,#000000,mdg
justice,A1,0.2456,0.0421,#656168,#656168,mdg
justice,A2,0.392,0.0495,#9d97a0,#9d97a0,mdg
justice,A3,0.69,0.0474,#d8cfdb,#d8cfdb,mdg
justice,BK,0.309,0.0516,#323033,#323033,mdg
justice,DB,0.3148,0.0476,#386089,#386089,mdg
justice,DC,0.2092,0.038,#297375,#297375,mdg
justice,DG,0.2318,0.0405,#21704f,#21704f,mdg
justice,DH,0.2074,0.0384,#677f35,#677f35,mdg
justice,DO,0.1862,0.0352,#864d2b,#864d2b,mdg
justice,DP,0.2712,0.0475,#723484,#723484,mdg
justice,DR,0.3786,0.054,#8a2b38,#8a2b38,mdg
justice,DY,0.1468,0.0313,#8a7527,#8a7527,mdg
justice,LB,0.39,0.051,#aacffb,#aacffb,mdg
justice,LC,0.4088,0.0488,#9de5e4,#9de5e4,mdg
justice,LG,0.293,0.0452,#95e2b8,#95e2b8,mdg
justice,LH,0.3668,0.0536,#dbf099,#dbf099,mdg
justice,LO,0.3086,0.0462,#fbc9a3,#fbc9a3,mdg
justice,LP,0.352,0.0486,#dfa7fa,#dfa7fa,mdg
justice,LR,0.3002,0.047,#fc9fa3,#fc9fa3,mdg
justice,LY,0.4098,0.0506,#fff498,#fff498,mdg
justice,MB,0.3102,0.047,#7196c0,#7196c0,mdg
justice,MC,0.2694,0.0439,#65acac,#65acac,mdg
justice,MG,0.29,0.0426,#62ae88,#62ae88,mdg
justice,MH,0.247,0.04,#a0b668,#a0b668,mdg
justice,MO,0.204,0.0361,#ce916c,#ce916c,mdg
justice,MP,0.2238,0.0403,#a66fbd,#a66fbd,mdg
justice,MR,0.3236,0.0469,#c5666b,#c5666b,mdg
justice,MY,0.2708,0.0448,#dab572,#dab572,mdg
justice,SB,0.3332,0.0497,#4fa7ef,#4fa7ef,mdg
justice,SC,0.325,0.0491,#27d1cd,#27d1cd,mdg
justice,SG,0.2804,0.0466,#04c981,#04c981,mdg
justice,SH,0.3374,0.0486,#bde638,#bde638,mdg
justice,SO,0.2494,0.0417,#f89e2d,#f89e2d,mdg
justice,SP,0.2902,0.049,#b740da,#b740da,mdg
justice,SR,0.4092,0.0551,#f03a52,#f03a52,mdg
justice,SY,0.3014,0.0478,#fff329,#fff329,mdg
justice,WH,0.7008,0.053,#ffffff,#000000,mdg
lightning,A1,0.322,0.0498,#656168,#656168,mdg
lightning,A2,0.4078,0.0508,#9d97a0,#9d97a0,mdg
lightning,A3,0.4028,0.0521,#d8cfdb,#d8cfdb,mdg
lightning,BK,0.3692,0.0536,#323033,#323033,mdg
lightning,DB,0.3332,0.0456,#386089,#386089,mdg
lightning,DC,0.2682,0.0417,#297375,#297375,mdg
lightning,DG,0.2002,0.0399,#21704f,#21704f,mdg
lightning,DH,0.2148,0.0375,#677f35,#677f35,mdg
lightning,DO,0.2774,0.0493,#864d2b,#864d2b,mdg
lightning,DP,0.3746,0.0514,#723484,#723484,mdg
lightning,DR,0.4314,0.0524,#8a2b38,#8a2b38,mdg
lightning,DY,0.2856,0.047,#8a7527,#8a7527,mdg
lightning,LB,0.322,0.0459,#aacffb,#aacffb,mdg
lightning,LC,0.3478,0.0471,#9de5e4,#9de5e4,mdg
lightning,LG,0.2468,0.0386,#95e2b8,#95e2b8,mdg
lightning,LH,0.3102,0.0444,#dbf099,#dbf099,mdg
lightning,LO,0.3296,0.0473,#fbc9a3,#fbc9a3,mdg
lightning,LP,0.2992,0.0427,#dfa7fa,#dfa7fa,mdg
lightning,LR,0.386,0.0502,#fc9fa3,#fc9fa3,mdg
lightning,LY,0.3866,0.0476,#fff498,#fff498,mdg
lightning,MB,0.3234,0.0439,#7196c0,#7196c0,mdg
lightning,MC,0.3054,0.0435,#65acac,#65acac,mdg
lightning,MG,0.2148,0.0384,#62ae88,#62ae88,mdg
lightning,MH,0.2562,0.0416,#a0b668,#a0b668,mdg
lightning,MO,0.28,0.0435,#ce916c,#ce916c,mdg
lightning,MP,0.3518,0.0486,#a66fbd,#a66fbd,mdg
lightning,MR,0.3922,0.0534,#c5666b,#c5666b,mdg
lightning,MY,0.311,0.0449,#dab572,#dab572,mdg
lightning,SB,0.3236,0.0447,#4fa7ef,#4fa7ef,mdg
lightning,SC,0.25,0.0385,#27d1cd,#27d1cd,mdg
lightning,SG,0.1712,0.0327,#04c981,#04c981,mdg
lightning,SH,0.2946,0.0471,#bde638,#bde638,mdg
lightning,SO,0.39,0.052,#f89e2d,#f89e2d,mdg
lightning,SP,0.333,0.0472,#b740da,#b740da,mdg
lightning,SR,0.5258,0.0558,#f03a52,#f03a52,mdg
lightning,SY,0.3126,0.0463,#fff329,#fff329,mdg
lightning,WH,0.4636,0.0512,#ffffff,#000000,mdg
mango,A1,0.118,0.0238,#656168,#656168,mdg
mango,A2,0.1832,0.0356,#9d97a0,#9d97a0,mdg
mango,A3,0.1944,0.0365,#d8cfdb,#d8cfdb,mdg
mango,BK,0.1468,0.0311,#323033,#323033,mdg
mango,DB,0.237,0.0411,#386089,#386089,mdg
mango,DC,0.233,0.036,#297375,#297375,mdg
mango,DG,0.6116,0.0468,#21704f,#21704f,mdg
mango,DH,0.5078,0.0479,#677f35,#677f35,mdg
mango,DO,0.1916,0.0343,#864d2b,#864d2b,mdg
mango,DP,0.1828,0.0378,#723484,#723484,mdg
mango,DR,0.1978,0.0321,#8a2b38,#8a2b38,mdg
mango,DY,0.3326,0.0458,#8a7527,#8a7527,mdg
mango,LB,0.2242,0.0366,#aacffb,#aacffb,mdg
mango,LC,0.2392,0.036,#9de5e4,#9de5e4,mdg
mango,LG,0.422,0.0478,#95e2b8,#95e2b8,mdg
mango,LH,0.3468,0.0444,#dbf099,#dbf099,mdg
mango,LO,0.2952,0.0411,#fbc9a3,#fbc9a3,mdg
mango,LP,0.1608,0.0289,#dfa7fa,#dfa7fa,mdg
mango,LR,0.2382,0.0359,#fc9fa3,#fc9fa3,mdg
mango,LY,0.4264,0.0482,#fff498,#fff498,mdg
mango,MB,0.1982,0.0333,#7196c0,#7196c0,mdg
mango,MC,0.2136,0.0354,#65acac,#65acac,mdg
mango,MG,0.5322,0.0466,#62ae88,#62ae88,mdg
mango,MH,0.4432,0.046,#a0b668,#a0b668,mdg
mango,MO,0.21560000000000001,0.0373,#ce916c,#ce916c,mdg
mango,MP,0.1594,0.0262,#a66fbd,#a66fbd,mdg
mango,MR,0.2792,0.0402,#c5666b,#c5666b,mdg
mango,MY,0.382,0.0445,#dab572,#dab572,mdg
mango,SB,0.2028,0.0356,#4fa7ef,#4fa7ef,mdg
mango,SC,0.2604,0.0441,#27d1cd,#27d1cd,mdg
mango,SG,0.6026,0.0506,#04c981,#04c981,mdg
mango,SH,0.5518,0.0506,#bde638,#bde638,mdg
mango,SO,0.5772,0.0477,#f89e2d,#f89e2d,mdg
mango,SP,0.1868,0.0341,#b740da,#b740da,mdg
mango,SR,0.2782,0.0424,#f03a52,#f03a52,mdg
mango,SY,0.6288,0.0508,#fff329,#fff329,mdg
mango,WH,0.2322,0.0387,#ffffff,#000000,mdg
peace,A1,0.2756,0.0479,#656168,#656168,mdg
peace,A2,0.2918,0.0428,#9d97a0,#9d97a0,mdg
peace,A3,0.7084,0.0487,#d8cfdb,#d8cfdb,mdg
peace,BK,0.2002,0.0417,#323033,#323033,mdg
peace,DB,0.2616,0.042,#386089,#386089,mdg
peace,DC,0.3236,0.0476,#297375,#297375,mdg
peace,DG,0.347,0.0493,#21704f,#21704f,mdg
peace,DH,0.2914,0.0458,#677f35,#677f35,mdg
peace,DO,0.171,0.0347,#864d2b,#864d2b,mdg
peace,DP,0.2128,0.0398,#723484,#723484,mdg
peace,DR,0.2166,0.0396,#8a2b38,#8a2b38,mdg
peace,DY,0.2012,0.0357,#8a7527,#8a7527,mdg
peace,LB,0.4376,0.0503,#aacffb,#aacffb,mdg
peace,LC,0.4384,0.051,#9de5e4,#9de5e4,mdg
peace,LG,0.452,0.0488,#95e2b8,#95e2b8,mdg
peace,LH,0.4758,0.05,#dbf099,#dbf099,mdg
peace,LO,0.4486,0.0505,#fbc9a3,#fbc9a3,mdg
peace,LP,0.3498,0.046,#dfa7fa,#dfa7fa,mdg
peace,LR,0.376,0.0444,#fc9fa3,#fc9fa3,mdg
peace,LY,0.4726,0.0515,#fff498,#fff498,mdg
peace,MB,0.3648,0.0507,#7196c0,#7196c0,mdg
peace,MC,0.4032,0.0517,#65acac,#65acac,mdg
peace,MG,0.3464,0.0498,#62ae88,#62ae88,mdg
peace,MH,0.2698,0.0435,#a0b668,#a0b668,mdg
peace,MO,0.2126,0.0374,#ce916c,#ce916c,mdg
peace,MP,0.254,0.0366,#a66fbd,#a66fbd,mdg
peace,MR,0.2714,0.0434,#c5666b,#c5666b,mdg
peace,MY,0.3072,0.0462,#dab572,#dab572,mdg
peace,SB,0.3682,0.0518,#4fa7ef,#4fa7ef,mdg
peace,SC,0.416,0.0536,#27d1cd,#27d1cd,mdg
peace,SG,0.4092,0.0518,#04c981,#04c981,mdg
peace,SH,0.4102,0.0513,#bde638,#bde638,mdg
peace,SO,0.334,0.0476,#f89e2d,#f89e2d,mdg
peace,SP,0.2536,0.0455,#b740da,#b740da,mdg
peace,SR,0.3032,0.0508,#f03a52,#f03a52,mdg
peace,SY,0.2968,0.0464,#fff329,#fff329,mdg
peace,WH,0.7246,0.0474,#ffffff,#000000,mdg
peach,A1,0.243,0.0486,#656168,#656168,mdg
peach,A2,0.215,0.0422,#9d97a0,#9d97a0,mdg
peach,A3,0.23,0.0448,#d8cfdb,#d8cfdb,mdg
peach,BK,0.2016,0.0396,#323033,#323033,mdg
peach,DB,0.2244,0.043,#386089,#386089,mdg
peach,DC,0.233,0.0387,#297375,#297375,mdg
peach,DG,0.501,0.0524,#21704f,#21704f,mdg
peach,DH,0.3804,0.0445,#677f35,#677f35,mdg
peach,DO,0.3198,0.0486,#864d2b,#864d2b,mdg
peach,DP,0.1922,0.0366,#723484,#723484,mdg
peach,DR,0.3834,0.052,#8a2b38,#8a2b38,mdg
peach,DY,0.2768,0.04,#8a7527,#8a7527,mdg
peach,LB,0.2988,0.0469,#aacffb,#aacffb,mdg
peach,LC,0.311,0.0472,#9de5e4,#9de5e4,mdg
peach,LG,0.441,0.0493,#95e2b8,#95e2b8,mdg
peach,LH,0.3076,0.0446,#dbf099,#dbf099,mdg
peach,LO,0.286,0.0435,#fbc9a3,#fbc9a3,mdg
peach,LP,0.2678,0.0435,#dfa7fa,#dfa7fa,mdg
peach,LR,0.43,0.0507,#fc9fa3,#fc9fa3,mdg
peach,LY,0.3402,0.0463,#fff498,#fff498,mdg
peach,MB,0.258,0.0449,#7196c0,#7196c0,mdg
peach,MC,0.2574,0.043,#65acac,#65acac,mdg
peach,MG,0.4466,0.0493,#62ae88,#62ae88,mdg
peach,MH,0.359,0.0449,#a0b668,#a0b668,mdg
peach,MO,0.3246,0.0464,#ce916c,#ce916c,mdg
peach,MP,0.1904,0.0372,#a66fbd,#a66fbd,mdg
peach,MR,0.3786,0.0473,#c5666b,#c5666b,mdg
peach,MY,0.338,0.0459,#dab572,#dab572,mdg
peach,SB,0.2582,0.0456,#4fa7ef,#4fa7ef,mdg
peach,SC,0.2158,0.0389,#27d1cd,#27d1cd,mdg
peach,SG,0.5014,0.0562,#04c981,#04c981,mdg
peach,SH,0.3626,0.0474,#bde638,#bde638,mdg
peach,SO,0.3388,0.0486,#f89e2d,#f89e2d,mdg
peach,SP,0.2148,0.0379,#b740da,#b740da,mdg
peach,SR,0.445,0.0537,#f03a52,#f03a52,mdg
peach,SY,0.3614,0.0508,#fff329,#fff329,mdg
peach,WH,0.2372,0.043,#ffffff,#000000,mdg
sad,A1,0.6488,0.0458,#656168,#656168,mdg
sad,A2,0.621,0.0447,#9d97a0,#9d97a0,mdg
sad,A3,0.4436,0.0519,#d8cfdb,#d8cfdb,mdg
sad,BK,0.738,0.0462,#323033,#323033,mdg
sad,DB,0.225,0.0392,#386089,#386089,mdg
sad,DC,0.2568,0.0409,#297375,#297375,mdg
sad,DG,0.2636,0.0405,#21704f,#21704f,mdg
sad,DH,0.3196,0.0427,#677f35,#677f35,mdg
sad,DO,0.33,0.0408,#864d2b,#864d2b,mdg
sad,DP,0.4568,0.0516,#723484,#723484,mdg
sad,DR,0.331,0.0433,#8a2b38,#8a2b38,mdg
sad,DY,0.3724,0.0441,#8a7527,#8a7527,mdg
sad,LB,0.2766,0.0409,#aacffb,#aacffb,mdg
sad,LC,0.1978,0.0322,#9de5e4,#9de5e4,mdg
sad,LG,0.1734,0.0287,#95e2b8,#95e2b8,mdg
sad,LH,0.293,0.0415,#dbf099,#dbf099,mdg
sad,LO,0.2626,0.0384,#fbc9a3,#fbc9a3,mdg
sad,LP,0.373,0.0501,#dfa7fa,#dfa7fa,mdg
sad,LR,0.214,0.0352,#fc9fa3,#fc9fa3,mdg
sad,LY,0.2664,0.0428,#fff498,#fff498,mdg
sad,MB,0.239,0.0375,#7196c0,#7196c0,mdg
sad,MC,0.2448,0.0403,#65acac,#65acac,mdg
sad,MG,0.2232,0.0331,#62ae88,#62ae88,mdg
sad,MH,0.3458,0.0448,#a0b668,#a0b668,mdg
sad,MO,0.3254,0.0417,#ce916c,#ce916c,mdg
sad,MP,0.488,0.0518,#a66fbd,#a66fbd,mdg
sad,MR,0.3108,0.0406,#c5666b,#c5666b,mdg
sad,MY,0.2558,0.0363,#dab572,#dab572,mdg
sad,SB,0.1744,0.0323,#4fa7ef,#4fa7ef,mdg
sad,SC,0.2046,0.036,#27d1cd,#27d1cd,mdg
sad,SG,0.165,0.0311,#04c981,#04c981,mdg
sad,SH,0.1758,0.0326,#bde638,#bde638,mdg
sad,SO,0.2062,0.0355,#f89e2d,#f89e2d,mdg
sad,SP,0.397,0.0546,#b740da,#b740da,mdg
sad,SR,0.2424,0.0397,#f03a52,#f03a52,mdg
sad,SY,0.2104,0.0415,#fff329,#fff329,mdg
sad,WH,0.3678,0.0529,#ffffff,#000000,mdg
safety,A1,0.3688,0.0522,#656168,#656168,mdg
safety,A2,0.223,0.0368,#9d97a0,#9d97a0,mdg
safety,A3,0.4706,0.0541,#d8cfdb,#d8cfdb,mdg
safety,BK,0.3978,0.0537,#323033,#323033,mdg
safety,DB,0.3774,0.0531,#386089,#386089,mdg
safety,DC,0.3034,0.0465,#297375,#297375,mdg
safety,DG,0.3888,0.0507,#21704f,#21704f,mdg
safety,DH,0.3684,0.0519,#677f35,#677f35,mdg
safety,DO,0.2304,0.0428,#864d2b,#864d2b,mdg
safety,DP,0.214,0.0368,#723484,#723484,mdg
safety,DR,0.4026,0.0528,#8a2b38,#8a2b38,mdg
safety,DY,0.2718,0.0398,#8a7527,#8a7527,mdg
safety,LB,0.3254,0.047,#aacffb,#aacffb,mdg
safety,LC,0.3148,0.046,#9de5e4,#9de5e4,mdg
safety,LG,0.3512,0.0486,#95e2b8,#95e2b8,mdg
safety,LH,0.3446,0.048,#dbf099,#dbf099,mdg
safety,LO,0.2774,0.0427,#fbc9a3,#fbc9a3,mdg
safety,LP,0.2554,0.0441,#dfa7fa,#dfa7fa,mdg
safety,LR,0.3818,0.0464,#fc9fa3,#fc9fa3,mdg
safety,LY,0.3554,0.0493,#fff498,#fff498,mdg
safety,MB,0.3384,0.0506,#7196c0,#7196c0,mdg
safety,MC,0.3128,0.0457,#65acac,#65acac,mdg
safety,MG,0.3252,0.0474,#62ae88,#62ae88,mdg
safety,MH,0.3084,0.0433,#a0b668,#a0b668,mdg
safety,MO,0.258,0.0423,#ce916c,#ce916c,mdg
safety,MP,0.2388,0.0419,#a66fbd,#a66fbd,mdg
safety,MR,0.2926,0.0447,#c5666b,#c5666b,mdg
safety,MY,0.3096,0.0457,#dab572,#dab572,mdg
safety,SB,0.451,0.0548,#4fa7ef,#4fa7ef,mdg
safety,SC,0.38,0.0489,#27d1cd,#27d1cd,mdg
safety,SG,0.4418,0.0572,#04c981,#04c981,mdg
safety,SH,0.4042,0.053,#bde638,#bde638,mdg
safety,SO,0.3436,0.0485,#f89e2d,#f89e2d,mdg
safety,SP,0.2564,0.0417,#b740da,#b740da,mdg
safety,SR,0.4582,0.0589,#f03a52,#f03a52,mdg
safety,SY,0.3542,0.0498,#fff329,#fff329,mdg
safety,WH,0.4914,0.053,#ffffff,#000000,mdg
sandstorm,A1,0.4604,0.0528,#656168,#656168,mdg
sandstorm,A2,0.5138,0.0511,#9d97a0,#9d97a0,mdg
sandstorm,A3,0.3534,0.0495,#d8cfdb,#d8cfdb,mdg
sandstorm,BK,0.4714,0.0528,#323033,#323033,mdg
sandstorm,DB,0.1752,0.0302,#386089,#386089,mdg
sandstorm,DC,0.1816,0.0347,#297375,#297375,mdg
sandstorm,DG,0.1648,0.0324,#21704f,#21704f,mdg
sandstorm,DH,0.2462,0.0424,#677f35,#677f35,mdg
sandstorm,DO,0.5044,0.0503,#864d2b,#864d2b,mdg
sandstorm,DP,0.158,0.0344,#723484,#723484,mdg
sandstorm,DR,0.2612,0.0437,#8a2b38,#8a2b38,mdg
sandstorm,DY,0.455,0.0476,#8a7527,#8a7527,mdg
sandstorm,LB,0.1938,0.0293,#aacffb,#aacffb,mdg
sandstorm,LC,0.1726,0.0314,#9de5e4,#9de5e4,mdg
sandstorm,LG,0.1682,0.0317,#95e2b8,#95e2b8,mdg
sandstorm,LH,0.4296,0.0461,#dbf099,#dbf099,mdg
sandstorm,LO,0.5244,0.0571,#fbc9a3,#fbc9a3,mdg
sandstorm,LP,0.2246,0.0378,#dfa7fa,#dfa7fa,mdg
sandstorm,LR,0.2496,0.0383,#fc9fa3,#fc9fa3,mdg
sandstorm,LY,0.4286,0.0538,#fff498,#fff498,mdg
sandstorm,MB,0.2206,0.0401,#7196c0,#7196c0,mdg
sandstorm,MC,0.1328,0.0229,#65acac,#65acac,mdg
sandstorm,MG,0.1602,0.0296,#62ae88,#62ae88,mdg
sandstorm,MH,0.3214,0.0441,#a0b668,#a0b668,mdg
sandstorm,MO,0.5322,0.0479,#ce916c,#ce916c,mdg
sandstorm,MP,0.1912,0.0365,#a66fbd,#a66fbd,mdg
sandstorm,MR,0.2294,0.0389,#c5666b,#c5666b,mdg
sandstorm,MY,0.5384,0.053,#dab572,#dab572,mdg
sandstorm,SB,0.1098,0.0206,#4fa7ef,#4fa7ef,mdg
sandstorm,SC,0.175,0.0311,#27d1cd,#27d1cd,mdg
sandstorm,SG,0.1528,0.0312,#04c981,#04c981,mdg
sandstorm,SH,0.2592,0.0457,#bde638,#bde638,mdg
sandstorm,SO,0.3536,0.0486,#f89e2d,#f89e2d,mdg
sandstorm,SP,0.1526,0.0314,#b740da,#b740da,mdg
sandstorm,SR,0.2004,0.036,#f03a52,#f03a52,mdg
sandstorm,SY,0.3272,0.0478,#fff329,#fff329,mdg
sandstorm,WH,0.3752,0.0529,#ffffff,#000000,mdg
sick,A1,0.5234,0.0536,#656168,#656168,mdg
sick,A2,0.5204,0.0507,#9d97a0,#9d97a0,mdg
sick,A3,0.4454,0.0552,#d8cfdb,#d8cfdb,mdg
sick,BK,0.5416,0.054,#323033,#323033,mdg
sick,DB,0.2758,0.0447,#386089,#386089,mdg
sick,DC,0.2948,0.0473,#297375,#297375,mdg
sick,DG,0.316,0.0461,#21704f,#21704f,mdg
sick,DH,0.3546,0.0474,#677f35,#677f35,mdg
sick,DO,0.3264,0.0468,#864d2b,#864d2b,mdg
sick,DP,0.4504,0.0543,#723484,#723484,mdg
sick,DR,0.4266,0.0532,#8a2b38,#8a2b38,mdg
sick,DY,0.3178,0.0473,#8a7527,#8a7527,mdg
sick,LB,0.373,0.0512,#aacffb,#aacffb,mdg
sick,LC,0.3172,0.0418,#9de5e4,#9de5e4,mdg
sick,LG,0.3378,0.0462,#95e2b8,#95e2b8,mdg
sick,LH,0.353,0.048,#dbf099,#dbf099,mdg
sick,LO,0.3082,0.0452,#fbc9a3,#fbc9a3,mdg
sick,LP,0.3828,0.0489,#dfa7fa,#dfa7fa,mdg
sick,LR,0.2924,0.0456,#fc9fa3,#fc9fa3,mdg
sick,LY,0.2362,0.041,#fff498,#fff498,mdg
sick,MB,0.3594,0.0464,#7196c0,#7196c0,mdg
sick,MC,0.3762,0.0446,#65acac,#65acac,mdg
sick,MG,0.3484,0.0481,#62ae88,#62ae88,mdg
sick,MH,0.3572,0.0465,#a0b668,#a0b668,mdg
sick,MO,0.2638,0.0409,#ce916c,#ce916c,mdg
sick,MP,0.402,0.0541,#a66fbd,#a66fbd,mdg
sick,MR,0.3438,0.0525,#c5666b,#c5666b,mdg
sick,MY,0.2784,0.0414,#dab572,#dab572,mdg
sick,SB,0.2738,0.0455,#4fa7ef,#4fa7ef,mdg
sick,SC,0.3056,0.0469,#27d1cd,#27d1cd,mdg
sick,SG,0.2636,0.046,#04c981,#04c981,mdg
sick,SH,0.2192,0.0401,#bde638,#bde638,mdg
sick,SO,0.137,0.0263,#f89e2d,#f89e2d,mdg
sick,SP,0.3604,0.0541,#b740da,#b740da,mdg
sick,SR,0.3258,0.0502,#f03a52,#f03a52,mdg
sick,SY,0.1806,0.0334,#fff329,#fff329,mdg
sick,WH,0.4664,0.0572,#ffffff,#000000,mdg
tree,A1,0.2184,0.0408,#656168,#656168,mdg
tree,A2,0.2534,0.0466,#9d97a0,#9d97a0,mdg
tree,A3,0.1714,0.0308,#d8cfdb,#d8cfdb,mdg
tree,BK,0.254,0.0438,#323033,#323033,mdg
tree,DB,0.1824,0.0357,#386089,#386089,mdg
tree,DC,0.3126,0.0456,#297375,#297375,mdg
tree,DG,0.742,0.0438,#21704f,#21704f,mdg
tree,DH,0.561,0.0491,#677f35,#677f35,mdg
tree,DO,0.3802,0.0509,#864d2b,#864d2b,mdg
tree,DP,0.0852,0.0209,#723484,#723484,mdg
tree,DR,0.1658,0.0333,#8a2b38,#8a2b38,mdg
tree,DY,0.3624,0.0475,#8a7527,#8a7527,mdg
tree,LB,0.2656,0.0452,#aacffb,#aacffb,mdg
tree,LC,0.299,0.0478,#9de5e4,#9de5e4,mdg
tree,LG,0.5152,0.0494,#95e2b8,#95e2b8,mdg
tree,LH,0.3258,0.0427,#dbf099,#dbf099,mdg
tree,LO,0.2852,0.0425,#fbc9a3,#fbc9a3,mdg
tree,LP,0.1806,0.0357,#dfa7fa,#dfa7fa,mdg
tree,LR,0.193,0.0352,#fc9fa3,#fc9fa3,mdg
tree,LY,0.2218,0.0384,#fff498,#fff498,mdg
tree,MB,0.187,0.0335,#7196c0,#7196c0,mdg
tree,MC,0.2656,0.0417,#65acac,#65acac,mdg
tree,MG,0.691,0.0432,#62ae88,#62ae88,mdg
tree,MH,0.4288,0.0498,#a0b668,#a0b668,mdg
tree,MO,0.2598,0.0436,#ce916c,#ce916c,mdg
tree,MP,0.1514,0.0283,#a66fbd,#a66fbd,mdg
tree,MR,0.1986,0.0374,#c5666b,#c5666b,mdg
tree,MY,0.3272,0.0437,#dab572,#dab572,mdg
tree,SB,0.1966,0.0366,#4fa7ef,#4fa7ef,mdg
tree,SC,0.1648,0.034,#27d1cd,#27d1cd,mdg
tree,SG,0.7024,0.0499,#04c981,#04c981,mdg
tree,SH,0.4124,0.0482,#bde638,#bde638,mdg
tree,SO,0.226,0.0403,#f89e2d,#f89e2d,mdg
tree,SP,0.1718,0.0386,#b740da,#b740da,mdg
tree,SR,0.1748,0.0362,#f03a52,#f03a52,mdg
tree,SY,0.27,0.0425,#fff329,#fff329,mdg
tree,WH,0.157,0.0349,#ffffff,#000000,mdg
