expCountry,concept,color,weight,se,hex,barStroke,con,concep
mdg,angry,A1,0.357,0.05,#656168,#656168,angry,angry
mdg,angry,A2,0.346,0.048,#9d97a0,#9d97a0,angry,angry
mdg,angry,A3,0.261,0.043,#d8cfdb,#d8cfdb,angry,angry
mdg,angry,BK,0.553,0.055,#323033,#323033,angry,angry
mdg,angry,DB,0.21,0.037,#386089,#386089,angry,angry
mdg,angry,DC,0.243,0.041,#297375,#297375,angry,angry
mdg,angry,DG,0.262,0.041,#21704f,#21704f,angry,angry
mdg,angry,DH,0.269,0.046,#677f35,#677f35,angry,angry
mdg,angry,DO,0.37,0.05,#864d2b,#864d2b,angry,angry
mdg,angry,DP,0.269,0.045,#723484,#723484,angry,angry
mdg,angry,DR,0.637,0.049,#8a2b38,#8a2b38,angry,angry
mdg,angry,DY,0.3,0.048,#8a7527,#8a7527,angry,angry
mdg,angry,LB,0.192,0.036,#aacffb,#aacffb,angry,angry
mdg,angry,LC,0.249,0.042,#9de5e4,#9de5e4,angry,angry
mdg,angry,LG,0.216,0.042,#95e2b8,#95e2b8,angry,angry
mdg,angry,LH,0.245,0.043,#dbf099,#dbf099,angry,angry
mdg,angry,LO,0.247,0.043,#fbc9a3,#fbc9a3,angry,angry
mdg,angry,LP,0.286,0.044,#dfa7fa,#dfa7fa,angry,angry
mdg,angry,LR,0.291,0.047,#fc9fa3,#fc9fa3,angry,angry
mdg,angry,LY,0.177,0.038,#fff498,#fff498,angry,angry
mdg,angry,MB,0.236,0.038,#7196c0,#7196c0,angry,angry
mdg,angry,MC,0.234,0.037,#65acac,#65acac,angry,angry
mdg,angry,MG,0.225,0.038,#62ae88,#62ae88,angry,angry
mdg,angry,MH,0.27,0.039,#a0b668,#a0b668,angry,angry
mdg,angry,MO,0.231,0.037,#ce916c,#ce916c,angry,angry
mdg,angry,MP,0.182,0.032,#a66fbd,#a66fbd,angry,angry
mdg,angry,MR,0.364,0.05,#c5666b,#c5666b,angry,angry
mdg,angry,MY,0.208,0.04,#dab572,#dab572,angry,angry
mdg,angry,SB,0.178,0.036,#4fa7ef,#4fa7ef,angry,angry
mdg,angry,SC,0.222,0.043,#27d1cd,#27d1cd,angry,angry
mdg,angry,SG,0.186,0.037,#04c981,#04c981,angry,angry
mdg,angry,SH,0.247,0.046,#bde638,#bde638,angry,angry
mdg,angry,SO,0.309,0.048,#f89e2d,#f89e2d,angry,angry
mdg,angry,SP,0.252,0.045,#b740da,#b740da,angry,angry
mdg,angry,SR,0.621,0.056,#f03a52,#f03a52,angry,angry
mdg,angry,SY,0.31,0.052,#fff329,#fff329,angry,angry
mdg,angry,WH,0.18,0.034,#ffffff,#000000,angry,angry
mdg,banana,A1,0.134,0.029,#656168,#656168,banana,banana
mdg,banana,A2,0.179,0.036,#9d97a0,#9d97a0,banana,banana
mdg,banana,A3,0.187,0.041,#d8cfdb,#d8cfdb,banana,banana
mdg,banana,BK,0.148,0.036,#323033,#323033,banana,banana
mdg,banana,DB,0.102,0.024,#386089,#386089,banana,banana
mdg,banana,DC,0.121,0.029,#297375,#297375,banana,banana
mdg,banana,DG,0.486,0.055,#21704f,#21704f,banana,banana
mdg,banana,DH,0.415,0.052,#677f35,#677f35,banana,banana
mdg,banana,DO,0.157,0.03,#864d2b,#864d2b,banana,banana
mdg,banana,DP,0.156,0.03,#723484,#723484,banana,banana
mdg,banana,DR,0.131,0.03,#8a2b38,#8a2b38,banana,banana
mdg,banana,DY,0.351,0.051,#8a7527,#8a7527,banana,banana
mdg,banana,LB,0.128,0.031,#aacffb,#aacffb,banana,banana
mdg,banana,LC,0.157,0.035,#9de5e4,#9de5e4,banana,banana
mdg,banana,LG,0.32,0.045,#95e2b8,#95e2b8,banana,banana
mdg,banana,LH,0.471,0.051,#dbf099,#dbf099,banana,banana
mdg,banana,LO,0.214,0.037,#fbc9a3,#fbc9a3,banana,banana
mdg,banana,LP,0.162,0.035,#dfa7fa,#dfa7fa,banana,banana
mdg,banana,LR,0.17,0.035,#fc9fa3,#fc9fa3,banana,banana
mdg,banana,LY,0.514,0.056,#fff498,#fff498,banana,banana
mdg,banana,MB,0.088,0.023,#7196c0,#7196c0,banana,banana
mdg,banana,MC,0.177,0.036,#65acac,#65acac,banana,banana
mdg,banana,MG,0.485,0.051,#62ae88,#62ae88,banana,banana
mdg,banana,MH,0.494,0.048,#a0b668,#a0b668,banana,banana
mdg,banana,MO,0.231,0.038,#ce916c,#ce916c,banana,banana
mdg,banana,MP,0.14,0.028,#a66fbd,#a66fbd,banana,banana
mdg,banana,MR,0.165,0.031,#c5666b,#c5666b,banana,banana
mdg,banana,MY,0.471,0.051,#dab572,#dab572,banana,banana
mdg,banana,SB,0.1,0.024,#4fa7ef,#4fa7ef,banana,banana
mdg,banana,SC,0.144,0.031,#27d1cd,#27d1cd,banana,banana
mdg,banana,SG,0.532,0.054,#04c981,#04c981,banana,banana
mdg,banana,SH,0.636,0.056,#bde638,#bde638,banana,banana
mdg,banana,SO,0.424,0.053,#f89e2d,#f89e2d,banana,banana
mdg,banana,SP,0.149,0.029,#b740da,#b740da,banana,banana
mdg,banana,SR,0.162,0.04,#f03a52,#f03a52,banana,banana
mdg,banana,SY,0.781,0.047,#fff329,#fff329,banana,banana
mdg,banana,WH,0.214,0.042,#ffffff,#000000,banana,banana
mdg,death,A1,0.728,0.047,#656168,#656168,death,death
mdg,death,A2,0.596,0.049,#9d97a0,#9d97a0,death,death
mdg,death,A3,0.424,0.056,#d8cfdb,#d8cfdb,death,death
mdg,death,BK,0.866,0.036,#323033,#323033,death,death
mdg,death,DB,0.157,0.037,#386089,#386089,death,death
mdg,death,DC,0.153,0.03,#297375,#297375,death,death
mdg,death,DG,0.197,0.037,#21704f,#21704f,death,death
mdg,death,DH,0.204,0.041,#677f35,#677f35,death,death
mdg,death,DO,0.251,0.042,#864d2b,#864d2b,death,death
mdg,death,DP,0.551,0.058,#723484,#723484,death,death
mdg,death,DR,0.3,0.048,#8a2b38,#8a2b38,death,death
mdg,death,DY,0.231,0.041,#8a7527,#8a7527,death,death
mdg,death,LB,0.185,0.032,#aacffb,#aacffb,death,death
mdg,death,LC,0.162,0.029,#9de5e4,#9de5e4,death,death
mdg,death,LG,0.175,0.033,#95e2b8,#95e2b8,death,death
mdg,death,LH,0.234,0.042,#dbf099,#dbf099,death,death
mdg,death,LO,0.181,0.03,#fbc9a3,#fbc9a3,death,death
mdg,death,LP,0.311,0.047,#dfa7fa,#dfa7fa,death,death
mdg,death,LR,0.15,0.03,#fc9fa3,#fc9fa3,death,death
mdg,death,LY,0.203,0.042,#fff498,#fff498,death,death
mdg,death,MB,0.173,0.03,#7196c0,#7196c0,death,death
mdg,death,MC,0.19,0.035,#65acac,#65acac,death,death
mdg,death,MG,0.146,0.029,#62ae88,#62ae88,death,death
mdg,death,MH,0.253,0.041,#a0b668,#a0b668,death,death
mdg,death,MO,0.158,0.029,#ce916c,#ce916c,death,death
mdg,death,MP,0.445,0.053,#a66fbd,#a66fbd,death,death
mdg,death,MR,0.181,0.032,#c5666b,#c5666b,death,death
mdg,death,MY,0.196,0.035,#dab572,#dab572,death,death
mdg,death,SB,0.169,0.036,#4fa7ef,#4fa7ef,death,death
mdg,death,SC,0.175,0.03,#27d1cd,#27d1cd,death,death
mdg,death,SG,0.108,0.023,#04c981,#04c981,death,death
mdg,death,SH,0.164,0.034,#bde638,#bde638,death,death
mdg,death,SO,0.153,0.032,#f89e2d,#f89e2d,death,death
mdg,death,SP,0.523,0.058,#b740da,#b740da,death,death
mdg,death,SR,0.278,0.048,#f03a52,#f03a52,death,death
mdg,death,SY,0.125,0.032,#fff329,#fff329,death,death
mdg,death,WH,0.502,0.06,#ffffff,#000000,death,death
mdg,happy,A1,0.199,0.036,#656168,#656168,happy,happy
mdg,happy,A2,0.241,0.042,#9d97a0,#9d97a0,happy,happy
mdg,happy,A3,0.555,0.054,#d8cfdb,#d8cfdb,happy,happy
mdg,happy,BK,0.166,0.033,#323033,#323033,happy,happy
mdg,happy,DB,0.447,0.051,#386089,#386089,happy,happy
mdg,happy,DC,0.299,0.043,#297375,#297375,happy,happy
mdg,happy,DG,0.418,0.05,#21704f,#21704f,happy,happy
mdg,happy,DH,0.268,0.04,#677f35,#677f35,happy,happy
mdg,happy,DO,0.228,0.036,#864d2b,#864d2b,happy,happy
mdg,happy,DP,0.25,0.045,#723484,#723484,happy,happy
mdg,happy,DR,0.3,0.045,#8a2b38,#8a2b38,happy,happy
mdg,happy,DY,0.306,0.045,#8a7527,#8a7527,happy,happy
mdg,happy,LB,0.46,0.046,#aacffb,#aacffb,happy,happy
mdg,happy,LC,0.418,0.048,#9de5e4,#9de5e4,happy,happy
mdg,happy,LG,0.406,0.046,#95e2b8,#95e2b8,happy,happy
mdg,happy,LH,0.499,0.047,#dbf099,#dbf099,happy,happy
mdg,happy,LO,0.427,0.051,#fbc9a3,#fbc9a3,happy,happy
mdg,happy,LP,0.404,0.045,#dfa7fa,#dfa7fa,happy,happy
mdg,happy,LR,0.445,0.051,#fc9fa3,#fc9fa3,happy,happy
mdg,happy,LY,0.521,0.049,#fff498,#fff498,happy,happy
mdg,happy,MB,0.38,0.049,#7196c0,#7196c0,happy,happy
mdg,happy,MC,0.316,0.045,#65acac,#65acac,happy,happy
mdg,happy,MG,0.34,0.049,#62ae88,#62ae88,happy,happy
mdg,happy,MH,0.284,0.045,#a0b668,#a0b668,happy,happy
mdg,happy,MO,0.32,0.042,#ce916c,#ce916c,happy,happy
mdg,happy,MP,0.264,0.045,#a66fbd,#a66fbd,happy,happy
mdg,happy,MR,0.364,0.047,#c5666b,#c5666b,happy,happy
mdg,happy,MY,0.343,0.044,#dab572,#dab572,happy,happy
mdg,happy,SB,0.538,0.053,#4fa7ef,#4fa7ef,happy,happy
mdg,happy,SC,0.501,0.051,#27d1cd,#27d1cd,happy,happy
mdg,happy,SG,0.484,0.056,#04c981,#04c981,happy,happy
mdg,happy,SH,0.523,0.05,#bde638,#bde638,happy,happy
mdg,happy,SO,0.542,0.051,#f89e2d,#f89e2d,happy,happy
mdg,happy,SP,0.308,0.05,#b740da,#b740da,happy,happy
mdg,happy,SR,0.549,0.059,#f03a52,#f03a52,happy,happy
mdg,happy,SY,0.593,0.056,#fff329,#fff329,happy,happy
mdg,happy,WH,0.701,0.048,#ffffff,#000000,happy,happy
mdg,justice,A1,0.246,0.042,#656168,#656168,justice,justice
mdg,justice,A2,0.392,0.05,#9d97a0,#9d97a0,justice,justice
mdg,justice,A3,0.69,0.047,#d8cfdb,#d8cfdb,justice,justice
mdg,justice,BK,0.309,0.052,#323033,#323033,justice,justice
mdg,justice,DB,0.315,0.048,#386089,#386089,justice,justice
mdg,justice,DC,0.209,0.038,#297375,#297375,justice,justice
mdg,justice,DG,0.232,0.04,#21704f,#21704f,justice,justice
mdg,justice,DH,0.207,0.038,#677f35,#677f35,justice,justice
mdg,justice,DO,0.186,0.035,#864d2b,#864d2b,justice,justice
mdg,justice,DP,0.271,0.047,#723484,#723484,justice,justice
mdg,justice,DR,0.379,0.054,#8a2b38,#8a2b38,justice,justice
mdg,justice,DY,0.147,0.031,#8a7527,#8a7527,justice,justice
mdg,justice,LB,0.39,0.051,#aacffb,#aacffb,justice,justice
mdg,justice,LC,0.409,0.049,#9de5e4,#9de5e4,justice,justice
mdg,justice,LG,0.293,0.045,#95e2b8,#95e2b8,justice,justice
mdg,justice,LH,0.367,0.054,#dbf099,#dbf099,justice,justice
mdg,justice,LO,0.309,0.046,#fbc9a3,#fbc9a3,justice,justice
mdg,justice,LP,0.352,0.049,#dfa7fa,#dfa7fa,justice,justice
mdg,justice,LR,0.3,0.047,#fc9fa3,#fc9fa3,justice,justice
mdg,justice,LY,0.41,0.051,#fff498,#fff498,justice,justice
mdg,justice,MB,0.31,0.047,#7196c0,#7196c0,justice,justice
mdg,justice,MC,0.269,0.044,#65acac,#65acac,justice,justice
mdg,justice,MG,0.29,0.043,#62ae88,#62ae88,justice,justice
mdg,justice,MH,0.247,0.04,#a0b668,#a0b668,justice,justice
mdg,justice,MO,0.204,0.036,#ce916c,#ce916c,justice,justice
mdg,justice,MP,0.224,0.04,#a66fbd,#a66fbd,justice,justice
mdg,justice,MR,0.324,0.047,#c5666b,#c5666b,justice,justice
mdg,justice,MY,0.271,0.045,#dab572,#dab572,justice,justice
mdg,justice,SB,0.333,0.05,#4fa7ef,#4fa7ef,justice,justice
mdg,justice,SC,0.325,0.049,#27d1cd,#27d1cd,justice,justice
mdg,justice,SG,0.28,0.047,#04c981,#04c981,justice,justice
mdg,justice,SH,0.337,0.049,#bde638,#bde638,justice,justice
mdg,justice,SO,0.249,0.042,#f89e2d,#f89e2d,justice,justice
mdg,justice,SP,0.29,0.049,#b740da,#b740da,justice,justice
mdg,justice,SR,0.409,0.055,#f03a52,#f03a52,justice,justice
mdg,justice,SY,0.301,0.048,#fff329,#fff329,justice,justice
mdg,justice,WH,0.701,0.053,#ffffff,#000000,justice,justice
mdg,lightning,A1,0.322,0.05,#656168,#656168,lightning,lightning
mdg,lightning,A2,0.408,0.051,#9d97a0,#9d97a0,lightning,lightning
mdg,lightning,A3,0.403,0.052,#d8cfdb,#d8cfdb,lightning,lightning
mdg,lightning,BK,0.369,0.054,#323033,#323033,lightning,lightning
mdg,lightning,DB,0.333,0.046,#386089,#386089,lightning,lightning
mdg,lightning,DC,0.268,0.042,#297375,#297375,lightning,lightning
mdg,lightning,DG,0.2,0.04,#21704f,#21704f,lightning,lightning
mdg,lightning,DH,0.215,0.037,#677f35,#677f35,lightning,lightning
mdg,lightning,DO,0.277,0.049,#864d2b,#864d2b,lightning,lightning
mdg,lightning,DP,0.375,0.051,#723484,#723484,lightning,lightning
mdg,lightning,DR,0.431,0.052,#8a2b38,#8a2b38,lightning,lightning
mdg,lightning,DY,0.286,0.047,#8a7527,#8a7527,lightning,lightning
mdg,lightning,LB,0.322,0.046,#aacffb,#aacffb,lightning,lightning
mdg,lightning,LC,0.348,0.047,#9de5e4,#9de5e4,lightning,lightning
mdg,lightning,LG,0.247,0.039,#95e2b8,#95e2b8,lightning,lightning
mdg,lightning,LH,0.31,0.044,#dbf099,#dbf099,lightning,lightning
mdg,lightning,LO,0.33,0.047,#fbc9a3,#fbc9a3,lightning,lightning
mdg,lightning,LP,0.299,0.043,#dfa7fa,#dfa7fa,lightning,lightning
mdg,lightning,LR,0.386,0.05,#fc9fa3,#fc9fa3,lightning,lightning
mdg,lightning,LY,0.387,0.048,#fff498,#fff498,lightning,lightning
mdg,lightning,MB,0.323,0.044,#7196c0,#7196c0,lightning,lightning
mdg,lightning,MC,0.305,0.043,#65acac,#65acac,lightning,lightning
mdg,lightning,MG,0.215,0.038,#62ae88,#62ae88,lightning,lightning
mdg,lightning,MH,0.256,0.042,#a0b668,#a0b668,lightning,lightning
mdg,lightning,MO,0.28,0.043,#ce916c,#ce916c,lightning,lightning
mdg,lightning,MP,0.352,0.049,#a66fbd,#a66fbd,lightning,lightning
mdg,lightning,MR,0.392,0.053,#c5666b,#c5666b,lightning,lightning
mdg,lightning,MY,0.311,0.045,#dab572,#dab572,lightning,lightning
mdg,lightning,SB,0.324,0.045,#4fa7ef,#4fa7ef,lightning,lightning
mdg,lightning,SC,0.25,0.039,#27d1cd,#27d1cd,lightning,lightning
mdg,lightning,SG,0.171,0.033,#04c981,#04c981,lightning,lightning
mdg,lightning,SH,0.295,0.047,#bde638,#bde638,lightning,lightning
mdg,lightning,SO,0.39,0.052,#f89e2d,#f89e2d,lightning,lightning
mdg,lightning,SP,0.333,0.047,#b740da,#b740da,lightning,lightning
mdg,lightning,SR,0.526,0.056,#f03a52,#f03a52,lightning,lightning
mdg,lightning,SY,0.313,0.046,#fff329,#fff329,lightning,lightning
mdg,lightning,WH,0.464,0.051,#ffffff,#000000,lightning,lightning
mdg,mango,A1,0.118,0.024,#656168,#656168,mango,mango
mdg,mango,A2,0.183,0.036,#9d97a0,#9d97a0,mango,mango
mdg,mango,A3,0.194,0.036,#d8cfdb,#d8cfdb,mango,mango
mdg,mango,BK,0.147,0.031,#323033,#323033,mango,mango
mdg,mango,DB,0.237,0.041,#386089,#386089,mango,mango
mdg,mango,DC,0.233,0.036,#297375,#297375,mango,mango
mdg,mango,DG,0.612,0.047,#21704f,#21704f,mango,mango
mdg,mango,DH,0.508,0.048,#677f35,#677f35,mango,mango
mdg,mango,DO,0.192,0.034,#864d2b,#864d2b,mango,mango
mdg,mango,DP,0.183,0.038,#723484,#723484,mango,mango
mdg,mango,DR,0.198,0.032,#8a2b38,#8a2b38,mango,mango
mdg,mango,DY,0.333,0.046,#8a7527,#8a7527,mango,mango
mdg,mango,LB,0.224,0.037,#aacffb,#aacffb,mango,mango
mdg,mango,LC,0.239,0.036,#9de5e4,#9de5e4,mango,mango
mdg,mango,LG,0.422,0.048,#95e2b8,#95e2b8,mango,mango
mdg,mango,LH,0.347,0.044,#dbf099,#dbf099,mango,mango
mdg,mango,LO,0.295,0.041,#fbc9a3,#fbc9a3,mango,mango
mdg,mango,LP,0.161,0.029,#dfa7fa,#dfa7fa,mango,mango
mdg,mango,LR,0.238,0.036,#fc9fa3,#fc9fa3,mango,mango
mdg,mango,LY,0.426,0.048,#fff498,#fff498,mango,mango
mdg,mango,MB,0.198,0.033,#7196c0,#7196c0,mango,mango
mdg,mango,MC,0.214,0.035,#65acac,#65acac,mango,mango
mdg,mango,MG,0.532,0.047,#62ae88,#62ae88,mango,mango
mdg,mango,MH,0.443,0.046,#a0b668,#a0b668,mango,mango
mdg,mango,MO,0.216,0.037,#ce916c,#ce916c,mango,mango
mdg,mango,MP,0.159,0.026,#a66fbd,#a66fbd,mango,mango
mdg,mango,MR,0.279,0.04,#c5666b,#c5666b,mango,mango
mdg,mango,MY,0.382,0.044,#dab572,#dab572,mango,mango
mdg,mango,SB,0.203,0.036,#4fa7ef,#4fa7ef,mango,mango
mdg,mango,SC,0.26,0.044,#27d1cd,#27d1cd,mango,mango
mdg,mango,SG,0.603,0.051,#04c981,#04c981,mango,mango
mdg,mango,SH,0.552,0.051,#bde638,#bde638,mango,mango
mdg,mango,SO,0.577,0.048,#f89e2d,#f89e2d,mango,mango
mdg,mango,SP,0.187,0.034,#b740da,#b740da,mango,mango
mdg,mango,SR,0.278,0.042,#f03a52,#f03a52,mango,mango
mdg,mango,SY,0.629,0.051,#fff329,#fff329,mango,mango
mdg,mango,WH,0.232,0.039,#ffffff,#000000,mango,mango
mdg,peace,A1,0.276,0.048,#656168,#656168,peace,peace
mdg,peace,A2,0.292,0.043,#9d97a0,#9d97a0,peace,peace
mdg,peace,A3,0.708,0.049,#d8cfdb,#d8cfdb,peace,peace
mdg,peace,BK,0.2,0.042,#323033,#323033,peace,peace
mdg,peace,DB,0.262,0.042,#386089,#386089,peace,peace
mdg,peace,DC,0.324,0.048,#297375,#297375,peace,peace
mdg,peace,DG,0.347,0.049,#21704f,#21704f,peace,peace
mdg,peace,DH,0.291,0.046,#677f35,#677f35,peace,peace
mdg,peace,DO,0.171,0.035,#864d2b,#864d2b,peace,peace
mdg,peace,DP,0.213,0.04,#723484,#723484,peace,peace
mdg,peace,DR,0.217,0.04,#8a2b38,#8a2b38,peace,peace
mdg,peace,DY,0.201,0.036,#8a7527,#8a7527,peace,peace
mdg,peace,LB,0.438,0.05,#aacffb,#aacffb,peace,peace
mdg,peace,LC,0.438,0.051,#9de5e4,#9de5e4,peace,peace
mdg,peace,LG,0.452,0.049,#95e2b8,#95e2b8,peace,peace
mdg,peace,LH,0.476,0.05,#dbf099,#dbf099,peace,peace
mdg,peace,LO,0.449,0.05,#fbc9a3,#fbc9a3,peace,peace
mdg,peace,LP,0.35,0.046,#dfa7fa,#dfa7fa,peace,peace
mdg,peace,LR,0.376,0.044,#fc9fa3,#fc9fa3,peace,peace
mdg,peace,LY,0.473,0.051,#fff498,#fff498,peace,peace
mdg,peace,MB,0.365,0.051,#7196c0,#7196c0,peace,peace
mdg,peace,MC,0.403,0.052,#65acac,#65acac,peace,peace
mdg,peace,MG,0.346,0.05,#62ae88,#62ae88,peace,peace
mdg,peace,MH,0.27,0.043,#a0b668,#a0b668,peace,peace
mdg,peace,MO,0.213,0.037,#ce916c,#ce916c,peace,peace
mdg,peace,MP,0.254,0.037,#a66fbd,#a66fbd,peace,peace
mdg,peace,MR,0.271,0.043,#c5666b,#c5666b,peace,peace
mdg,peace,MY,0.307,0.046,#dab572,#dab572,peace,peace
mdg,peace,SB,0.368,0.052,#4fa7ef,#4fa7ef,peace,peace
mdg,peace,SC,0.416,0.054,#27d1cd,#27d1cd,peace,peace
mdg,peace,SG,0.409,0.052,#04c981,#04c981,peace,peace
mdg,peace,SH,0.41,0.051,#bde638,#bde638,peace,peace
mdg,peace,SO,0.334,0.048,#f89e2d,#f89e2d,peace,peace
mdg,peace,SP,0.254,0.045,#b740da,#b740da,peace,peace
mdg,peace,SR,0.303,0.051,#f03a52,#f03a52,peace,peace
mdg,peace,SY,0.297,0.046,#fff329,#fff329,peace,peace
mdg,peace,WH,0.725,0.047,#ffffff,#000000,peace,peace
mdg,peach,A1,0.243,0.049,#656168,#656168,peach,peach
mdg,peach,A2,0.215,0.042,#9d97a0,#9d97a0,peach,peach
mdg,peach,A3,0.23,0.045,#d8cfdb,#d8cfdb,peach,peach
mdg,peach,BK,0.202,0.04,#323033,#323033,peach,peach
mdg,peach,DB,0.224,0.043,#386089,#386089,peach,peach
mdg,peach,DC,0.233,0.039,#297375,#297375,peach,peach
mdg,peach,DG,0.501,0.052,#21704f,#21704f,peach,peach
mdg,peach,DH,0.38,0.044,#677f35,#677f35,peach,peach
mdg,peach,DO,0.32,0.049,#864d2b,#864d2b,peach,peach
mdg,peach,DP,0.192,0.037,#723484,#723484,peach,peach
mdg,peach,DR,0.383,0.052,#8a2b38,#8a2b38,peach,peach
mdg,peach,DY,0.277,0.04,#8a7527,#8a7527,peach,peach
mdg,peach,LB,0.299,0.047,#aacffb,#aacffb,peach,peach
mdg,peach,LC,0.311,0.047,#9de5e4,#9de5e4,peach,peach
mdg,peach,LG,0.441,0.049,#95e2b8,#95e2b8,peach,peach
mdg,peach,LH,0.308,0.045,#dbf099,#dbf099,peach,peach
mdg,peach,LO,0.286,0.043,#fbc9a3,#fbc9a3,peach,peach
mdg,peach,LP,0.268,0.043,#dfa7fa,#dfa7fa,peach,peach
mdg,peach,LR,0.43,0.051,#fc9fa3,#fc9fa3,peach,peach
mdg,peach,LY,0.34,0.046,#fff498,#fff498,peach,peach
mdg,peach,MB,0.258,0.045,#7196c0,#7196c0,peach,peach
mdg,peach,MC,0.257,0.043,#65acac,#65acac,peach,peach
mdg,peach,MG,0.447,0.049,#62ae88,#62ae88,peach,peach
mdg,peach,MH,0.359,0.045,#a0b668,#a0b668,peach,peach
mdg,peach,MO,0.325,0.046,#ce916c,#ce916c,peach,peach
mdg,peach,MP,0.19,0.037,#a66fbd,#a66fbd,peach,peach
mdg,peach,MR,0.379,0.047,#c5666b,#c5666b,peach,peach
mdg,peach,MY,0.338,0.046,#dab572,#dab572,peach,peach
mdg,peach,SB,0.258,0.046,#4fa7ef,#4fa7ef,peach,peach
mdg,peach,SC,0.216,0.039,#27d1cd,#27d1cd,peach,peach
mdg,peach,SG,0.501,0.056,#04c981,#04c981,peach,peach
mdg,peach,SH,0.363,0.047,#bde638,#bde638,peach,peach
mdg,peach,SO,0.339,0.049,#f89e2d,#f89e2d,peach,peach
mdg,peach,SP,0.215,0.038,#b740da,#b740da,peach,peach
mdg,peach,SR,0.445,0.054,#f03a52,#f03a52,peach,peach
mdg,peach,SY,0.361,0.051,#fff329,#fff329,peach,peach
mdg,peach,WH,0.237,0.043,#ffffff,#000000,peach,peach
mdg,sad,A1,0.649,0.046,#656168,#656168,sad,sad
mdg,sad,A2,0.621,0.045,#9d97a0,#9d97a0,sad,sad
mdg,sad,A3,0.444,0.052,#d8cfdb,#d8cfdb,sad,sad
mdg,sad,BK,0.738,0.046,#323033,#323033,sad,sad
mdg,sad,DB,0.225,0.039,#386089,#386089,sad,sad
mdg,sad,DC,0.257,0.041,#297375,#297375,sad,sad
mdg,sad,DG,0.264,0.04,#21704f,#21704f,sad,sad
mdg,sad,DH,0.32,0.043,#677f35,#677f35,sad,sad
mdg,sad,DO,0.33,0.041,#864d2b,#864d2b,sad,sad
mdg,sad,DP,0.457,0.052,#723484,#723484,sad,sad
mdg,sad,DR,0.331,0.043,#8a2b38,#8a2b38,sad,sad
mdg,sad,DY,0.372,0.044,#8a7527,#8a7527,sad,sad
mdg,sad,LB,0.277,0.041,#aacffb,#aacffb,sad,sad
mdg,sad,LC,0.198,0.032,#9de5e4,#9de5e4,sad,sad
mdg,sad,LG,0.173,0.029,#95e2b8,#95e2b8,sad,sad
mdg,sad,LH,0.293,0.041,#dbf099,#dbf099,sad,sad
mdg,sad,LO,0.263,0.038,#fbc9a3,#fbc9a3,sad,sad
mdg,sad,LP,0.373,0.05,#dfa7fa,#dfa7fa,sad,sad
mdg,sad,LR,0.214,0.035,#fc9fa3,#fc9fa3,sad,sad
mdg,sad,LY,0.266,0.043,#fff498,#fff498,sad,sad
mdg,sad,MB,0.239,0.037,#7196c0,#7196c0,sad,sad
mdg,sad,MC,0.245,0.04,#65acac,#65acac,sad,sad
mdg,sad,MG,0.223,0.033,#62ae88,#62ae88,sad,sad
mdg,sad,MH,0.346,0.045,#a0b668,#a0b668,sad,sad
mdg,sad,MO,0.325,0.042,#ce916c,#ce916c,sad,sad
mdg,sad,MP,0.488,0.052,#a66fbd,#a66fbd,sad,sad
mdg,sad,MR,0.311,0.041,#c5666b,#c5666b,sad,sad
mdg,sad,MY,0.256,0.036,#dab572,#dab572,sad,sad
mdg,sad,SB,0.174,0.032,#4fa7ef,#4fa7ef,sad,sad
mdg,sad,SC,0.205,0.036,#27d1cd,#27d1cd,sad,sad
mdg,sad,SG,0.165,0.031,#04c981,#04c981,sad,sad
mdg,sad,SH,0.176,0.033,#bde638,#bde638,sad,sad
mdg,sad,SO,0.206,0.036,#f89e2d,#f89e2d,sad,sad
mdg,sad,SP,0.397,0.055,#b740da,#b740da,sad,sad
mdg,sad,SR,0.242,0.04,#f03a52,#f03a52,sad,sad
mdg,sad,SY,0.21,0.041,#fff329,#fff329,sad,sad
mdg,sad,WH,0.368,0.053,#ffffff,#000000,sad,sad
mdg,safety,A1,0.369,0.052,#656168,#656168,safety,safety
mdg,safety,A2,0.223,0.037,#9d97a0,#9d97a0,safety,safety
mdg,safety,A3,0.471,0.054,#d8cfdb,#d8cfdb,safety,safety
mdg,safety,BK,0.398,0.054,#323033,#323033,safety,safety
mdg,safety,DB,0.377,0.053,#386089,#386089,safety,safety
mdg,safety,DC,0.303,0.047,#297375,#297375,safety,safety
mdg,safety,DG,0.389,0.051,#21704f,#21704f,safety,safety
mdg,safety,DH,0.368,0.052,#677f35,#677f35,safety,safety
mdg,safety,DO,0.23,0.043,#864d2b,#864d2b,safety,safety
mdg,safety,DP,0.214,0.037,#723484,#723484,safety,safety
mdg,safety,DR,0.403,0.053,#8a2b38,#8a2b38,safety,safety
mdg,safety,DY,0.272,0.04,#8a7527,#8a7527,safety,safety
mdg,safety,LB,0.325,0.047,#aacffb,#aacffb,safety,safety
mdg,safety,LC,0.315,0.046,#9de5e4,#9de5e4,safety,safety
mdg,safety,LG,0.351,0.049,#95e2b8,#95e2b8,safety,safety
mdg,safety,LH,0.345,0.048,#dbf099,#dbf099,safety,safety
mdg,safety,LO,0.277,0.043,#fbc9a3,#fbc9a3,safety,safety
mdg,safety,LP,0.255,0.044,#dfa7fa,#dfa7fa,safety,safety
mdg,safety,LR,0.382,0.046,#fc9fa3,#fc9fa3,safety,safety
mdg,safety,LY,0.355,0.049,#fff498,#fff498,safety,safety
mdg,safety,MB,0.338,0.051,#7196c0,#7196c0,safety,safety
mdg,safety,MC,0.313,0.046,#65acac,#65acac,safety,safety
mdg,safety,MG,0.325,0.047,#62ae88,#62ae88,safety,safety
mdg,safety,MH,0.308,0.043,#a0b668,#a0b668,safety,safety
mdg,safety,MO,0.258,0.042,#ce916c,#ce916c,safety,safety
mdg,safety,MP,0.239,0.042,#a66fbd,#a66fbd,safety,safety
mdg,safety,MR,0.293,0.045,#c5666b,#c5666b,safety,safety
mdg,safety,MY,0.31,0.046,#dab572,#dab572,safety,safety
mdg,safety,SB,0.451,0.055,#4fa7ef,#4fa7ef,safety,safety
mdg,safety,SC,0.38,0.049,#27d1cd,#27d1cd,safety,safety
mdg,safety,SG,0.442,0.057,#04c981,#04c981,safety,safety
mdg,safety,SH,0.404,0.053,#bde638,#bde638,safety,safety
mdg,safety,SO,0.344,0.048,#f89e2d,#f89e2d,safety,safety
mdg,safety,SP,0.256,0.042,#b740da,#b740da,safety,safety
mdg,safety,SR,0.458,0.059,#f03a52,#f03a52,safety,safety
mdg,safety,SY,0.354,0.05,#fff329,#fff329,safety,safety
mdg,safety,WH,0.491,0.053,#ffffff,#000000,safety,safety
mdg,sandstorm,A1,0.46,0.053,#656168,#656168,sandstorm,sandstorm
mdg,sandstorm,A2,0.514,0.051,#9d97a0,#9d97a0,sandstorm,sandstorm
mdg,sandstorm,A3,0.353,0.05,#d8cfdb,#d8cfdb,sandstorm,sandstorm
mdg,sandstorm,BK,0.471,0.053,#323033,#323033,sandstorm,sandstorm
mdg,sandstorm,DB,0.175,0.03,#386089,#386089,sandstorm,sandstorm
mdg,sandstorm,DC,0.182,0.035,#297375,#297375,sandstorm,sandstorm
mdg,sandstorm,DG,0.165,0.032,#21704f,#21704f,sandstorm,sandstorm
mdg,sandstorm,DH,0.246,0.042,#677f35,#677f35,sandstorm,sandstorm
mdg,sandstorm,DO,0.504,0.05,#864d2b,#864d2b,sandstorm,sandstorm
mdg,sandstorm,DP,0.158,0.034,#723484,#723484,sandstorm,sandstorm
mdg,sandstorm,DR,0.261,0.044,#8a2b38,#8a2b38,sandstorm,sandstorm
mdg,sandstorm,DY,0.455,0.048,#8a7527,#8a7527,sandstorm,sandstorm
mdg,sandstorm,LB,0.194,0.029,#aacffb,#aacffb,sandstorm,sandstorm
mdg,sandstorm,LC,0.173,0.031,#9de5e4,#9de5e4,sandstorm,sandstorm
mdg,sandstorm,LG,0.168,0.032,#95e2b8,#95e2b8,sandstorm,sandstorm
mdg,sandstorm,LH,0.43,0.046,#dbf099,#dbf099,sandstorm,sandstorm
mdg,sandstorm,LO,0.524,0.057,#fbc9a3,#fbc9a3,sandstorm,sandstorm
mdg,sandstorm,LP,0.225,0.038,#dfa7fa,#dfa7fa,sandstorm,sandstorm
mdg,sandstorm,LR,0.25,0.038,#fc9fa3,#fc9fa3,sandstorm,sandstorm
mdg,sandstorm,LY,0.429,0.054,#fff498,#fff498,sandstorm,sandstorm
mdg,sandstorm,MB,0.221,0.04,#7196c0,#7196c0,sandstorm,sandstorm
mdg,sandstorm,MC,0.133,0.023,#65acac,#65acac,sandstorm,sandstorm
mdg,sandstorm,MG,0.16,0.03,#62ae88,#62ae88,sandstorm,sandstorm
mdg,sandstorm,MH,0.321,0.044,#a0b668,#a0b668,sandstorm,sandstorm
mdg,sandstorm,MO,0.532,0.048,#ce916c,#ce916c,sandstorm,sandstorm
mdg,sandstorm,MP,0.191,0.036,#a66fbd,#a66fbd,sandstorm,sandstorm
mdg,sandstorm,MR,0.229,0.039,#c5666b,#c5666b,sandstorm,sandstorm
mdg,sandstorm,MY,0.538,0.053,#dab572,#dab572,sandstorm,sandstorm
mdg,sandstorm,SB,0.11,0.021,#4fa7ef,#4fa7ef,sandstorm,sandstorm
mdg,sandstorm,SC,0.175,0.031,#27d1cd,#27d1cd,sandstorm,sandstorm
mdg,sandstorm,SG,0.153,0.031,#04c981,#04c981,sandstorm,sandstorm
mdg,sandstorm,SH,0.259,0.046,#bde638,#bde638,sandstorm,sandstorm
mdg,sandstorm,SO,0.354,0.049,#f89e2d,#f89e2d,sandstorm,sandstorm
mdg,sandstorm,SP,0.153,0.031,#b740da,#b740da,sandstorm,sandstorm
mdg,sandstorm,SR,0.2,0.036,#f03a52,#f03a52,sandstorm,sandstorm
mdg,sandstorm,SY,0.327,0.048,#fff329,#fff329,sandstorm,sandstorm
mdg,sandstorm,WH,0.375,0.053,#ffffff,#000000,sandstorm,sandstorm
mdg,sick,A1,0.523,0.054,#656168,#656168,sick,sick
mdg,sick,A2,0.52,0.051,#9d97a0,#9d97a0,sick,sick
mdg,sick,A3,0.445,0.055,#d8cfdb,#d8cfdb,sick,sick
mdg,sick,BK,0.542,0.054,#323033,#323033,sick,sick
mdg,sick,DB,0.276,0.045,#386089,#386089,sick,sick
mdg,sick,DC,0.295,0.047,#297375,#297375,sick,sick
mdg,sick,DG,0.316,0.046,#21704f,#21704f,sick,sick
mdg,sick,DH,0.355,0.047,#677f35,#677f35,sick,sick
mdg,sick,DO,0.326,0.047,#864d2b,#864d2b,sick,sick
mdg,sick,DP,0.45,0.054,#723484,#723484,sick,sick
mdg,sick,DR,0.427,0.053,#8a2b38,#8a2b38,sick,sick
mdg,sick,DY,0.318,0.047,#8a7527,#8a7527,sick,sick
mdg,sick,LB,0.373,0.051,#aacffb,#aacffb,sick,sick
mdg,sick,LC,0.317,0.042,#9de5e4,#9de5e4,sick,sick
mdg,sick,LG,0.338,0.046,#95e2b8,#95e2b8,sick,sick
mdg,sick,LH,0.353,0.048,#dbf099,#dbf099,sick,sick
mdg,sick,LO,0.308,0.045,#fbc9a3,#fbc9a3,sick,sick
mdg,sick,LP,0.383,0.049,#dfa7fa,#dfa7fa,sick,sick
mdg,sick,LR,0.292,0.046,#fc9fa3,#fc9fa3,sick,sick
mdg,sick,LY,0.236,0.041,#fff498,#fff498,sick,sick
mdg,sick,MB,0.359,0.046,#7196c0,#7196c0,sick,sick
mdg,sick,MC,0.376,0.045,#65acac,#65acac,sick,sick
mdg,sick,MG,0.348,0.048,#62ae88,#62ae88,sick,sick
mdg,sick,MH,0.357,0.047,#a0b668,#a0b668,sick,sick
mdg,sick,MO,0.264,0.041,#ce916c,#ce916c,sick,sick
mdg,sick,MP,0.402,0.054,#a66fbd,#a66fbd,sick,sick
mdg,sick,MR,0.344,0.053,#c5666b,#c5666b,sick,sick
mdg,sick,MY,0.278,0.041,#dab572,#dab572,sick,sick
mdg,sick,SB,0.274,0.045,#4fa7ef,#4fa7ef,sick,sick
mdg,sick,SC,0.306,0.047,#27d1cd,#27d1cd,sick,sick
mdg,sick,SG,0.264,0.046,#04c981,#04c981,sick,sick
mdg,sick,SH,0.219,0.04,#bde638,#bde638,sick,sick
mdg,sick,SO,0.137,0.026,#f89e2d,#f89e2d,sick,sick
mdg,sick,SP,0.36,0.054,#b740da,#b740da,sick,sick
mdg,sick,SR,0.326,0.05,#f03a52,#f03a52,sick,sick
mdg,sick,SY,0.181,0.033,#fff329,#fff329,sick,sick
mdg,sick,WH,0.466,0.057,#ffffff,#000000,sick,sick
mdg,tree,A1,0.218,0.041,#656168,#656168,tree,tree
mdg,tree,A2,0.253,0.047,#9d97a0,#9d97a0,tree,tree
mdg,tree,A3,0.171,0.031,#d8cfdb,#d8cfdb,tree,tree
mdg,tree,BK,0.254,0.044,#323033,#323033,tree,tree
mdg,tree,DB,0.182,0.036,#386089,#386089,tree,tree
mdg,tree,DC,0.313,0.046,#297375,#297375,tree,tree
mdg,tree,DG,0.742,0.044,#21704f,#21704f,tree,tree
mdg,tree,DH,0.561,0.049,#677f35,#677f35,tree,tree
mdg,tree,DO,0.38,0.051,#864d2b,#864d2b,tree,tree
mdg,tree,DP,0.085,0.021,#723484,#723484,tree,tree
mdg,tree,DR,0.166,0.033,#8a2b38,#8a2b38,tree,tree
mdg,tree,DY,0.362,0.047,#8a7527,#8a7527,tree,tree
mdg,tree,LB,0.266,0.045,#aacffb,#aacffb,tree,tree
mdg,tree,LC,0.299,0.048,#9de5e4,#9de5e4,tree,tree
mdg,tree,LG,0.515,0.049,#95e2b8,#95e2b8,tree,tree
mdg,tree,LH,0.326,0.043,#dbf099,#dbf099,tree,tree
mdg,tree,LO,0.285,0.043,#fbc9a3,#fbc9a3,tree,tree
mdg,tree,LP,0.181,0.036,#dfa7fa,#dfa7fa,tree,tree
mdg,tree,LR,0.193,0.035,#fc9fa3,#fc9fa3,tree,tree
mdg,tree,LY,0.222,0.038,#fff498,#fff498,tree,tree
mdg,tree,MB,0.187,0.033,#7196c0,#7196c0,tree,tree
mdg,tree,MC,0.266,0.042,#65acac,#65acac,tree,tree
mdg,tree,MG,0.691,0.043,#62ae88,#62ae88,tree,tree
mdg,tree,MH,0.429,0.05,#a0b668,#a0b668,tree,tree
mdg,tree,MO,0.26,0.044,#ce916c,#ce916c,tree,tree
mdg,tree,MP,0.151,0.028,#a66fbd,#a66fbd,tree,tree
mdg,tree,MR,0.199,0.037,#c5666b,#c5666b,tree,tree
mdg,tree,MY,0.327,0.044,#dab572,#dab572,tree,tree
mdg,tree,SB,0.197,0.037,#4fa7ef,#4fa7ef,tree,tree
mdg,tree,SC,0.165,0.034,#27d1cd,#27d1cd,tree,tree
mdg,tree,SG,0.702,0.05,#04c981,#04c981,tree,tree
mdg,tree,SH,0.412,0.048,#bde638,#bde638,tree,tree
mdg,tree,SO,0.226,0.04,#f89e2d,#f89e2d,tree,tree
mdg,tree,SP,0.172,0.039,#b740da,#b740da,tree,tree
mdg,tree,SR,0.175,0.036,#f03a52,#f03a52,tree,tree
mdg,tree,SY,0.27,0.043,#fff329,#fff329,tree,tree
mdg,tree,WH,0.157,0.035,#ffffff,#000000,tree,tree
