expCountry,concept,color,weight,se,hex,barStroke
usa,angry,A1,0.374,0.048,#656168,#656168
usa,angry,A2,0.344,0.044,#9d97a0,#9d97a0
usa,angry,A3,0.138,0.028,#d8cfdb,#d8cfdb
usa,angry,BK,0.654,0.049,#323033,#323033
usa,angry,DB,0.131,0.028,#386089,#386089
usa,angry,DC,0.101,0.025,#297375,#297375
usa,angry,DG,0.138,0.027,#21704f,#21704f
usa,angry,DH,0.162,0.032,#677f35,#677f35
usa,angry,DO,0.324,0.04,#864d2b,#864d2b
usa,angry,DP,0.213,0.04,#723484,#723484
usa,angry,DR,0.792,0.04,#8a2b38,#8a2b38
usa,angry,DY,0.238,0.033,#8a7527,#8a7527
usa,angry,LB,0.075,0.022,#aacffb,#aacffb
usa,angry,LC,0.079,0.022,#9de5e4,#9de5e4
usa,angry,LG,0.069,0.021,#95e2b8,#95e2b8
usa,angry,LH,0.091,0.023,#dbf099,#dbf099
usa,angry,LO,0.089,0.019,#fbc9a3,#fbc9a3
usa,angry,LP,0.078,0.022,#dfa7fa,#dfa7fa
usa,angry,LR,0.179,0.032,#fc9fa3,#fc9fa3
usa,angry,LY,0.125,0.03,#fff498,#fff498
usa,angry,MB,0.093,0.024,#7196c0,#7196c0
usa,angry,MC,0.089,0.022,#65acac,#65acac
usa,angry,MG,0.096,0.021,#62ae88,#62ae88
usa,angry,MH,0.11,0.022,#a0b668,#a0b668
usa,angry,MO,0.195,0.033,#ce916c,#ce916c
usa,angry,MP,0.107,0.027,#a66fbd,#a66fbd
usa,angry,MR,0.469,0.044,#c5666b,#c5666b
usa,angry,MY,0.115,0.025,#dab572,#dab572
usa,angry,SB,0.081,0.024,#4fa7ef,#4fa7ef
usa,angry,SC,0.087,0.024,#27d1cd,#27d1cd
usa,angry,SG,0.074,0.018,#04c981,#04c981
usa,angry,SH,0.132,0.027,#bde638,#bde638
usa,angry,SO,0.374,0.044,#f89e2d,#f89e2d
usa,angry,SP,0.141,0.029,#b740da,#b740da
usa,angry,SR,0.733,0.048,#f03a52,#f03a52
usa,angry,SY,0.233,0.041,#fff329,#fff329
usa,angry,WH,0.139,0.035,#ffffff,#000000
usa,banana,A1,0.052,0.018,#656168,#656168
usa,banana,A2,0.071,0.02,#9d97a0,#9d97a0
usa,banana,A3,0.068,0.018,#d8cfdb,#d8cfdb
usa,banana,BK,0.183,0.04,#323033,#323033
usa,banana,DB,0.043,0.013,#386089,#386089
usa,banana,DC,0.057,0.015,#297375,#297375
usa,banana,DG,0.168,0.03,#21704f,#21704f
usa,banana,DH,0.23,0.033,#677f35,#677f35
usa,banana,DO,0.272,0.039,#864d2b,#864d2b
usa,banana,DP,0.044,0.015,#723484,#723484
usa,banana,DR,0.063,0.016,#8a2b38,#8a2b38
usa,banana,DY,0.301,0.039,#8a7527,#8a7527
usa,banana,LB,0.042,0.012,#aacffb,#aacffb
usa,banana,LC,0.044,0.012,#9de5e4,#9de5e4
usa,banana,LG,0.097,0.021,#95e2b8,#95e2b8
usa,banana,LH,0.432,0.041,#dbf099,#dbf099
usa,banana,LO,0.265,0.036,#fbc9a3,#fbc9a3
usa,banana,LP,0.048,0.013,#dfa7fa,#dfa7fa
usa,banana,LR,0.095,0.024,#fc9fa3,#fc9fa3
usa,banana,LY,0.71,0.035,#fff498,#fff498
usa,banana,MB,0.036,0.011,#7196c0,#7196c0
usa,banana,MC,0.049,0.013,#65acac,#65acac
usa,banana,MG,0.113,0.025,#62ae88,#62ae88
usa,banana,MH,0.3,0.035,#a0b668,#a0b668
usa,banana,MO,0.221,0.036,#ce916c,#ce916c
usa,banana,MP,0.054,0.015,#a66fbd,#a66fbd
usa,banana,MR,0.046,0.014,#c5666b,#c5666b
usa,banana,MY,0.446,0.045,#dab572,#dab572
usa,banana,SB,0.045,0.013,#4fa7ef,#4fa7ef
usa,banana,SC,0.045,0.013,#27d1cd,#27d1cd
usa,banana,SG,0.174,0.032,#04c981,#04c981
usa,banana,SH,0.396,0.038,#bde638,#bde638
usa,banana,SO,0.272,0.042,#f89e2d,#f89e2d
usa,banana,SP,0.042,0.014,#b740da,#b740da
usa,banana,SR,0.043,0.015,#f03a52,#f03a52
usa,banana,SY,0.95,0.014,#fff329,#fff329
usa,banana,WH,0.117,0.03,#ffffff,#000000
usa,death,A1,0.775,0.029,#656168,#656168
usa,death,A2,0.67,0.038,#9d97a0,#9d97a0
usa,death,A3,0.433,0.048,#d8cfdb,#d8cfdb
usa,death,BK,0.947,0.022,#323033,#323033
usa,death,DB,0.233,0.037,#386089,#386089
usa,death,DC,0.134,0.028,#297375,#297375
usa,death,DG,0.114,0.026,#21704f,#21704f
usa,death,DH,0.16,0.032,#677f35,#677f35
usa,death,DO,0.275,0.043,#864d2b,#864d2b
usa,death,DP,0.148,0.035,#723484,#723484
usa,death,DR,0.472,0.05,#8a2b38,#8a2b38
usa,death,DY,0.241,0.041,#8a7527,#8a7527
usa,death,LB,0.09,0.02,#aacffb,#aacffb
usa,death,LC,0.066,0.013,#9de5e4,#9de5e4
usa,death,LG,0.076,0.015,#95e2b8,#95e2b8
usa,death,LH,0.088,0.019,#dbf099,#dbf099
usa,death,LO,0.108,0.022,#fbc9a3,#fbc9a3
usa,death,LP,0.065,0.019,#dfa7fa,#dfa7fa
usa,death,LR,0.084,0.022,#fc9fa3,#fc9fa3
usa,death,LY,0.073,0.015,#fff498,#fff498
usa,death,MB,0.138,0.031,#7196c0,#7196c0
usa,death,MC,0.083,0.016,#65acac,#65acac
usa,death,MG,0.079,0.016,#62ae88,#62ae88
usa,death,MH,0.154,0.031,#a0b668,#a0b668
usa,death,MO,0.152,0.03,#ce916c,#ce916c
usa,death,MP,0.094,0.024,#a66fbd,#a66fbd
usa,death,MR,0.131,0.03,#c5666b,#c5666b
usa,death,MY,0.127,0.027,#dab572,#dab572
usa,death,SB,0.07,0.018,#4fa7ef,#4fa7ef
usa,death,SC,0.058,0.015,#27d1cd,#27d1cd
usa,death,SG,0.071,0.014,#04c981,#04c981
usa,death,SH,0.064,0.016,#bde638,#bde638
usa,death,SO,0.105,0.021,#f89e2d,#f89e2d
usa,death,SP,0.086,0.023,#b740da,#b740da
usa,death,SR,0.249,0.046,#f03a52,#f03a52
usa,death,SY,0.096,0.027,#fff329,#fff329
usa,death,WH,0.418,0.059,#ffffff,#000000
usa,happy,A1,0.101,0.024,#656168,#656168
usa,happy,A2,0.115,0.023,#9d97a0,#9d97a0
usa,happy,A3,0.301,0.041,#d8cfdb,#d8cfdb
usa,happy,BK,0.091,0.025,#323033,#323033
usa,happy,DB,0.393,0.04,#386089,#386089
usa,happy,DC,0.37,0.039,#297375,#297375
usa,happy,DG,0.363,0.039,#21704f,#21704f
usa,happy,DH,0.281,0.034,#677f35,#677f35
usa,happy,DO,0.158,0.022,#864d2b,#864d2b
usa,happy,DP,0.436,0.043,#723484,#723484
usa,happy,DR,0.308,0.039,#8a2b38,#8a2b38
usa,happy,DY,0.197,0.03,#8a7527,#8a7527
usa,happy,LB,0.566,0.04,#aacffb,#aacffb
usa,happy,LC,0.62,0.04,#9de5e4,#9de5e4
usa,happy,LG,0.603,0.041,#95e2b8,#95e2b8
usa,happy,LH,0.578,0.041,#dbf099,#dbf099
usa,happy,LO,0.506,0.04,#fbc9a3,#fbc9a3
usa,happy,LP,0.645,0.041,#dfa7fa,#dfa7fa
usa,happy,LR,0.631,0.039,#fc9fa3,#fc9fa3
usa,happy,LY,0.7,0.041,#fff498,#fff498
usa,happy,MB,0.382,0.037,#7196c0,#7196c0
usa,happy,MC,0.418,0.039,#65acac,#65acac
usa,happy,MG,0.464,0.039,#62ae88,#62ae88
usa,happy,MH,0.384,0.034,#a0b668,#a0b668
usa,happy,MO,0.35,0.034,#ce916c,#ce916c
usa,happy,MP,0.508,0.04,#a66fbd,#a66fbd
usa,happy,MR,0.438,0.038,#c5666b,#c5666b
usa,happy,MY,0.47,0.042,#dab572,#dab572
usa,happy,SB,0.635,0.044,#4fa7ef,#4fa7ef
usa,happy,SC,0.651,0.039,#27d1cd,#27d1cd
usa,happy,SG,0.608,0.04,#04c981,#04c981
usa,happy,SH,0.649,0.037,#bde638,#bde638
usa,happy,SO,0.662,0.039,#f89e2d,#f89e2d
usa,happy,SP,0.553,0.044,#b740da,#b740da
usa,happy,SR,0.577,0.042,#f03a52,#f03a52
usa,happy,SY,0.778,0.037,#fff329,#fff329
usa,happy,WH,0.494,0.045,#ffffff,#000000
usa,justice,A1,0.302,0.05,#656168,#656168
usa,justice,A2,0.333,0.048,#9d97a0,#9d97a0
usa,justice,A3,0.438,0.05,#d8cfdb,#d8cfdb
usa,justice,BK,0.436,0.056,#323033,#323033
usa,justice,DB,0.437,0.045,#386089,#386089
usa,justice,DC,0.33,0.043,#297375,#297375
usa,justice,DG,0.346,0.042,#21704f,#21704f
usa,justice,DH,0.212,0.036,#677f35,#677f35
usa,justice,DO,0.21,0.04,#864d2b,#864d2b
usa,justice,DP,0.326,0.046,#723484,#723484
usa,justice,DR,0.327,0.049,#8a2b38,#8a2b38
usa,justice,DY,0.137,0.031,#8a7527,#8a7527
usa,justice,LB,0.355,0.042,#aacffb,#aacffb
usa,justice,LC,0.238,0.037,#9de5e4,#9de5e4
usa,justice,LG,0.206,0.037,#95e2b8,#95e2b8
usa,justice,LH,0.182,0.032,#dbf099,#dbf099
usa,justice,LO,0.193,0.036,#fbc9a3,#fbc9a3
usa,justice,LP,0.212,0.035,#dfa7fa,#dfa7fa
usa,justice,LR,0.197,0.036,#fc9fa3,#fc9fa3
usa,justice,LY,0.279,0.042,#fff498,#fff498
usa,justice,MB,0.401,0.044,#7196c0,#7196c0
usa,justice,MC,0.319,0.039,#65acac,#65acac
usa,justice,MG,0.249,0.041,#62ae88,#62ae88
usa,justice,MH,0.18,0.036,#a0b668,#a0b668
usa,justice,MO,0.21,0.031,#ce916c,#ce916c
usa,justice,MP,0.263,0.043,#a66fbd,#a66fbd
usa,justice,MR,0.205,0.035,#c5666b,#c5666b
usa,justice,MY,0.295,0.041,#dab572,#dab572
usa,justice,SB,0.384,0.044,#4fa7ef,#4fa7ef
usa,justice,SC,0.286,0.041,#27d1cd,#27d1cd
usa,justice,SG,0.232,0.037,#04c981,#04c981
usa,justice,SH,0.18,0.034,#bde638,#bde638
usa,justice,SO,0.255,0.041,#f89e2d,#f89e2d
usa,justice,SP,0.224,0.041,#b740da,#b740da
usa,justice,SR,0.28,0.046,#f03a52,#f03a52
usa,justice,SY,0.27,0.044,#fff329,#fff329
usa,justice,WH,0.548,0.056,#ffffff,#000000
usa,lightning,A1,0.376,0.05,#656168,#656168
usa,lightning,A2,0.31,0.045,#9d97a0,#9d97a0
usa,lightning,A3,0.51,0.051,#d8cfdb,#d8cfdb
usa,lightning,BK,0.381,0.052,#323033,#323033
usa,lightning,DB,0.177,0.032,#386089,#386089
usa,lightning,DC,0.07,0.017,#297375,#297375
usa,lightning,DG,0.045,0.011,#21704f,#21704f
usa,lightning,DH,0.051,0.012,#677f35,#677f35
usa,lightning,DO,0.086,0.023,#864d2b,#864d2b
usa,lightning,DP,0.086,0.023,#723484,#723484
usa,lightning,DR,0.098,0.027,#8a2b38,#8a2b38
usa,lightning,DY,0.17,0.035,#8a7527,#8a7527
usa,lightning,LB,0.259,0.04,#aacffb,#aacffb
usa,lightning,LC,0.197,0.037,#9de5e4,#9de5e4
usa,lightning,LG,0.126,0.03,#95e2b8,#95e2b8
usa,lightning,LH,0.406,0.047,#dbf099,#dbf099
usa,lightning,LO,0.266,0.042,#fbc9a3,#fbc9a3
usa,lightning,LP,0.099,0.024,#dfa7fa,#dfa7fa
usa,lightning,LR,0.134,0.035,#fc9fa3,#fc9fa3
usa,lightning,LY,0.611,0.046,#fff498,#fff498
usa,lightning,MB,0.184,0.033,#7196c0,#7196c0
usa,lightning,MC,0.096,0.022,#65acac,#65acac
usa,lightning,MG,0.063,0.017,#62ae88,#62ae88
usa,lightning,MH,0.105,0.022,#a0b668,#a0b668
usa,lightning,MO,0.129,0.028,#ce916c,#ce916c
usa,lightning,MP,0.084,0.022,#a66fbd,#a66fbd
usa,lightning,MR,0.114,0.031,#c5666b,#c5666b
usa,lightning,MY,0.305,0.043,#dab572,#dab572
usa,lightning,SB,0.24,0.041,#4fa7ef,#4fa7ef
usa,lightning,SC,0.188,0.041,#27d1cd,#27d1cd
usa,lightning,SG,0.075,0.024,#04c981,#04c981
usa,lightning,SH,0.296,0.044,#bde638,#bde638
usa,lightning,SO,0.309,0.048,#f89e2d,#f89e2d
usa,lightning,SP,0.1,0.027,#b740da,#b740da
usa,lightning,SR,0.17,0.041,#f03a52,#f03a52
usa,lightning,SY,0.681,0.055,#fff329,#fff329
usa,lightning,WH,0.776,0.043,#ffffff,#000000
usa,mango,A1,0.043,0.014,#656168,#656168
usa,mango,A2,0.043,0.015,#9d97a0,#9d97a0
usa,mango,A3,0.06,0.017,#d8cfdb,#d8cfdb
usa,mango,BK,0.05,0.016,#323033,#323033
usa,mango,DB,0.046,0.012,#386089,#386089
usa,mango,DC,0.051,0.013,#297375,#297375
usa,mango,DG,0.218,0.038,#21704f,#21704f
usa,mango,DH,0.275,0.04,#677f35,#677f35
usa,mango,DO,0.266,0.039,#864d2b,#864d2b
usa,mango,DP,0.046,0.013,#723484,#723484
usa,mango,DR,0.241,0.036,#8a2b38,#8a2b38
usa,mango,DY,0.283,0.037,#8a7527,#8a7527
usa,mango,LB,0.049,0.013,#aacffb,#aacffb
usa,mango,LC,0.074,0.017,#9de5e4,#9de5e4
usa,mango,LG,0.126,0.026,#95e2b8,#95e2b8
usa,mango,LH,0.261,0.038,#dbf099,#dbf099
usa,mango,LO,0.511,0.042,#fbc9a3,#fbc9a3
usa,mango,LP,0.051,0.015,#dfa7fa,#dfa7fa
usa,mango,LR,0.397,0.045,#fc9fa3,#fc9fa3
usa,mango,LY,0.41,0.04,#fff498,#fff498
usa,mango,MB,0.042,0.012,#7196c0,#7196c0
usa,mango,MC,0.059,0.016,#65acac,#65acac
usa,mango,MG,0.195,0.034,#62ae88,#62ae88
usa,mango,MH,0.26,0.037,#a0b668,#a0b668
usa,mango,MO,0.585,0.044,#ce916c,#ce916c
usa,mango,MP,0.054,0.015,#a66fbd,#a66fbd
usa,mango,MR,0.401,0.046,#c5666b,#c5666b
usa,mango,MY,0.588,0.04,#dab572,#dab572
usa,mango,SB,0.037,0.009,#4fa7ef,#4fa7ef
usa,mango,SC,0.052,0.013,#27d1cd,#27d1cd
usa,mango,SG,0.198,0.036,#04c981,#04c981
usa,mango,SH,0.239,0.035,#bde638,#bde638
usa,mango,SO,0.784,0.033,#f89e2d,#f89e2d
usa,mango,SP,0.052,0.014,#b740da,#b740da
usa,mango,SR,0.318,0.048,#f03a52,#f03a52
usa,mango,SY,0.464,0.04,#fff329,#fff329
usa,mango,WH,0.092,0.029,#ffffff,#000000
usa,peace,A1,0.189,0.033,#656168,#656168
usa,peace,A2,0.236,0.032,#9d97a0,#9d97a0
usa,peace,A3,0.573,0.045,#d8cfdb,#d8cfdb
usa,peace,BK,0.121,0.023,#323033,#323033
usa,peace,DB,0.541,0.045,#386089,#386089
usa,peace,DC,0.52,0.043,#297375,#297375
usa,peace,DG,0.461,0.045,#21704f,#21704f
usa,peace,DH,0.359,0.039,#677f35,#677f35
usa,peace,DO,0.176,0.027,#864d2b,#864d2b
usa,peace,DP,0.389,0.043,#723484,#723484
usa,peace,DR,0.189,0.026,#8a2b38,#8a2b38
usa,peace,DY,0.171,0.029,#8a7527,#8a7527
usa,peace,LB,0.754,0.034,#aacffb,#aacffb
usa,peace,LC,0.683,0.032,#9de5e4,#9de5e4
usa,peace,LG,0.584,0.043,#95e2b8,#95e2b8
usa,peace,LH,0.549,0.044,#dbf099,#dbf099
usa,peace,LO,0.536,0.039,#fbc9a3,#fbc9a3
usa,peace,LP,0.557,0.044,#dfa7fa,#dfa7fa
usa,peace,LR,0.533,0.04,#fc9fa3,#fc9fa3
usa,peace,LY,0.556,0.042,#fff498,#fff498
usa,peace,MB,0.601,0.041,#7196c0,#7196c0
usa,peace,MC,0.61,0.041,#65acac,#65acac
usa,peace,MG,0.55,0.04,#62ae88,#62ae88
usa,peace,MH,0.417,0.04,#a0b668,#a0b668
usa,peace,MO,0.374,0.039,#ce916c,#ce916c
usa,peace,MP,0.494,0.04,#a66fbd,#a66fbd
usa,peace,MR,0.35,0.038,#c5666b,#c5666b
usa,peace,MY,0.43,0.041,#dab572,#dab572
usa,peace,SB,0.727,0.036,#4fa7ef,#4fa7ef
usa,peace,SC,0.659,0.032,#27d1cd,#27d1cd
usa,peace,SG,0.455,0.042,#04c981,#04c981
usa,peace,SH,0.328,0.038,#bde638,#bde638
usa,peace,SO,0.329,0.042,#f89e2d,#f89e2d
usa,peace,SP,0.369,0.041,#b740da,#b740da
usa,peace,SR,0.205,0.031,#f03a52,#f03a52
usa,peace,SY,0.38,0.045,#fff329,#fff329
usa,peace,WH,0.658,0.051,#ffffff,#000000
usa,peach,A1,0.029,0.009,#656168,#656168
usa,peach,A2,0.042,0.014,#9d97a0,#9d97a0
usa,peach,A3,0.098,0.023,#d8cfdb,#d8cfdb
usa,peach,BK,0.029,0.01,#323033,#323033
usa,peach,DB,0.051,0.013,#386089,#386089
usa,peach,DC,0.08,0.021,#297375,#297375
usa,peach,DG,0.133,0.031,#21704f,#21704f
usa,peach,DH,0.144,0.03,#677f35,#677f35
usa,peach,DO,0.226,0.033,#864d2b,#864d2b
usa,peach,DP,0.041,0.012,#723484,#723484
usa,peach,DR,0.12,0.024,#8a2b38,#8a2b38
usa,peach,DY,0.177,0.032,#8a7527,#8a7527
usa,peach,LB,0.054,0.014,#aacffb,#aacffb
usa,peach,LC,0.049,0.012,#9de5e4,#9de5e4
usa,peach,LG,0.135,0.026,#95e2b8,#95e2b8
usa,peach,LH,0.242,0.036,#dbf099,#dbf099
usa,peach,LO,0.776,0.038,#fbc9a3,#fbc9a3
usa,peach,LP,0.097,0.021,#dfa7fa,#dfa7fa
usa,peach,LR,0.704,0.039,#fc9fa3,#fc9fa3
usa,peach,LY,0.414,0.041,#fff498,#fff498
usa,peach,MB,0.05,0.013,#7196c0,#7196c0
usa,peach,MC,0.062,0.014,#65acac,#65acac
usa,peach,MG,0.173,0.033,#62ae88,#62ae88
usa,peach,MH,0.187,0.032,#a0b668,#a0b668
usa,peach,MO,0.789,0.034,#ce916c,#ce916c
usa,peach,MP,0.059,0.017,#a66fbd,#a66fbd
usa,peach,MR,0.563,0.047,#c5666b,#c5666b
usa,peach,MY,0.612,0.037,#dab572,#dab572
usa,peach,SB,0.051,0.013,#4fa7ef,#4fa7ef
usa,peach,SC,0.056,0.015,#27d1cd,#27d1cd
usa,peach,SG,0.122,0.028,#04c981,#04c981
usa,peach,SH,0.125,0.025,#bde638,#bde638
usa,peach,SO,0.631,0.04,#f89e2d,#f89e2d
usa,peach,SP,0.079,0.021,#b740da,#b740da
usa,peach,SR,0.189,0.032,#f03a52,#f03a52
usa,peach,SY,0.259,0.04,#fff329,#fff329
usa,peach,WH,0.111,0.029,#ffffff,#000000
usa,sad,A1,0.796,0.033,#656168,#656168
usa,sad,A2,0.703,0.039,#9d97a0,#9d97a0
usa,sad,A3,0.417,0.048,#d8cfdb,#d8cfdb
usa,sad,BK,0.795,0.041,#323033,#323033
usa,sad,DB,0.543,0.055,#386089,#386089
usa,sad,DC,0.385,0.04,#297375,#297375
usa,sad,DG,0.26,0.036,#21704f,#21704f
usa,sad,DH,0.278,0.039,#677f35,#677f35
usa,sad,DO,0.376,0.044,#864d2b,#864d2b
usa,sad,DP,0.291,0.041,#723484,#723484
usa,sad,DR,0.321,0.038,#8a2b38,#8a2b38
usa,sad,DY,0.44,0.043,#8a7527,#8a7527
usa,sad,LB,0.35,0.046,#aacffb,#aacffb
usa,sad,LC,0.257,0.039,#9de5e4,#9de5e4
usa,sad,LG,0.146,0.029,#95e2b8,#95e2b8
usa,sad,LH,0.135,0.026,#dbf099,#dbf099
usa,sad,LO,0.177,0.028,#fbc9a3,#fbc9a3
usa,sad,LP,0.172,0.031,#dfa7fa,#dfa7fa
usa,sad,LR,0.116,0.023,#fc9fa3,#fc9fa3
usa,sad,LY,0.121,0.022,#fff498,#fff498
usa,sad,MB,0.491,0.05,#7196c0,#7196c0
usa,sad,MC,0.343,0.043,#65acac,#65acac
usa,sad,MG,0.222,0.031,#62ae88,#62ae88
usa,sad,MH,0.29,0.036,#a0b668,#a0b668
usa,sad,MO,0.257,0.036,#ce916c,#ce916c
usa,sad,MP,0.213,0.031,#a66fbd,#a66fbd
usa,sad,MR,0.212,0.035,#c5666b,#c5666b
usa,sad,MY,0.237,0.034,#dab572,#dab572
usa,sad,SB,0.353,0.047,#4fa7ef,#4fa7ef
usa,sad,SC,0.215,0.038,#27d1cd,#27d1cd
usa,sad,SG,0.117,0.025,#04c981,#04c981
usa,sad,SH,0.106,0.019,#bde638,#bde638
usa,sad,SO,0.084,0.017,#f89e2d,#f89e2d
usa,sad,SP,0.129,0.026,#b740da,#b740da
usa,sad,SR,0.13,0.03,#f03a52,#f03a52
usa,sad,SY,0.063,0.019,#fff329,#fff329
usa,sad,WH,0.228,0.037,#ffffff,#000000
usa,safety,A1,0.223,0.041,#656168,#656168
usa,safety,A2,0.216,0.035,#9d97a0,#9d97a0
usa,safety,A3,0.327,0.042,#d8cfdb,#d8cfdb
usa,safety,BK,0.138,0.027,#323033,#323033
usa,safety,DB,0.434,0.047,#386089,#386089
usa,safety,DC,0.376,0.04,#297375,#297375
usa,safety,DG,0.491,0.047,#21704f,#21704f
usa,safety,DH,0.369,0.046,#677f35,#677f35
usa,safety,DO,0.205,0.032,#864d2b,#864d2b
usa,safety,DP,0.267,0.04,#723484,#723484
usa,safety,DR,0.343,0.043,#8a2b38,#8a2b38
usa,safety,DY,0.175,0.031,#8a7527,#8a7527
usa,safety,LB,0.415,0.048,#aacffb,#aacffb
usa,safety,LC,0.42,0.043,#9de5e4,#9de5e4
usa,safety,LG,0.429,0.045,#95e2b8,#95e2b8
usa,safety,LH,0.359,0.038,#dbf099,#dbf099
usa,safety,LO,0.333,0.039,#fbc9a3,#fbc9a3
usa,safety,LP,0.274,0.039,#dfa7fa,#dfa7fa
usa,safety,LR,0.341,0.04,#fc9fa3,#fc9fa3
usa,safety,LY,0.368,0.043,#fff498,#fff498
usa,safety,MB,0.425,0.042,#7196c0,#7196c0
usa,safety,MC,0.378,0.039,#65acac,#65acac
usa,safety,MG,0.463,0.046,#62ae88,#62ae88
usa,safety,MH,0.332,0.038,#a0b668,#a0b668
usa,safety,MO,0.276,0.041,#ce916c,#ce916c
usa,safety,MP,0.298,0.042,#a66fbd,#a66fbd
usa,safety,MR,0.272,0.038,#c5666b,#c5666b
usa,safety,MY,0.321,0.038,#dab572,#dab572
usa,safety,SB,0.502,0.047,#4fa7ef,#4fa7ef
usa,safety,SC,0.4,0.045,#27d1cd,#27d1cd
usa,safety,SG,0.507,0.047,#04c981,#04c981
usa,safety,SH,0.39,0.041,#bde638,#bde638
usa,safety,SO,0.407,0.049,#f89e2d,#f89e2d
usa,safety,SP,0.281,0.038,#b740da,#b740da
usa,safety,SR,0.334,0.05,#f03a52,#f03a52
usa,safety,SY,0.459,0.051,#fff329,#fff329
usa,safety,WH,0.51,0.051,#ffffff,#000000
usa,sandstorm,A1,0.345,0.049,#656168,#656168
usa,sandstorm,A2,0.425,0.047,#9d97a0,#9d97a0
usa,sandstorm,A3,0.364,0.042,#d8cfdb,#d8cfdb
usa,sandstorm,BK,0.318,0.045,#323033,#323033
usa,sandstorm,DB,0.078,0.021,#386089,#386089
usa,sandstorm,DC,0.069,0.019,#297375,#297375
usa,sandstorm,DG,0.068,0.017,#21704f,#21704f
usa,sandstorm,DH,0.146,0.028,#677f35,#677f35
usa,sandstorm,DO,0.612,0.038,#864d2b,#864d2b
usa,sandstorm,DP,0.039,0.012,#723484,#723484
usa,sandstorm,DR,0.199,0.034,#8a2b38,#8a2b38
usa,sandstorm,DY,0.598,0.042,#8a7527,#8a7527
usa,sandstorm,LB,0.094,0.024,#aacffb,#aacffb
usa,sandstorm,LC,0.095,0.026,#9de5e4,#9de5e4
usa,sandstorm,LG,0.08,0.022,#95e2b8,#95e2b8
usa,sandstorm,LH,0.232,0.04,#dbf099,#dbf099
usa,sandstorm,LO,0.678,0.041,#fbc9a3,#fbc9a3
usa,sandstorm,LP,0.05,0.014,#dfa7fa,#dfa7fa
usa,sandstorm,LR,0.234,0.041,#fc9fa3,#fc9fa3
usa,sandstorm,LY,0.535,0.045,#fff498,#fff498
usa,sandstorm,MB,0.102,0.024,#7196c0,#7196c0
usa,sandstorm,MC,0.089,0.021,#65acac,#65acac
usa,sandstorm,MG,0.073,0.019,#62ae88,#62ae88
usa,sandstorm,MH,0.165,0.033,#a0b668,#a0b668
usa,sandstorm,MO,0.714,0.035,#ce916c,#ce916c
usa,sandstorm,MP,0.049,0.014,#a66fbd,#a66fbd
usa,sandstorm,MR,0.213,0.038,#c5666b,#c5666b
usa,sandstorm,MY,0.725,0.044,#dab572,#dab572
usa,sandstorm,SB,0.065,0.021,#4fa7ef,#4fa7ef
usa,sandstorm,SC,0.066,0.019,#27d1cd,#27d1cd
usa,sandstorm,SG,0.043,0.011,#04c981,#04c981
usa,sandstorm,SH,0.092,0.02,#bde638,#bde638
usa,sandstorm,SO,0.443,0.044,#f89e2d,#f89e2d
usa,sandstorm,SP,0.045,0.015,#b740da,#b740da
usa,sandstorm,SR,0.094,0.025,#f03a52,#f03a52
usa,sandstorm,SY,0.29,0.044,#fff329,#fff329
usa,sandstorm,WH,0.254,0.042,#ffffff,#000000
usa,sick,A1,0.451,0.051,#656168,#656168
usa,sick,A2,0.442,0.048,#9d97a0,#9d97a0
usa,sick,A3,0.242,0.04,#d8cfdb,#d8cfdb
usa,sick,BK,0.479,0.051,#323033,#323033
usa,sick,DB,0.202,0.037,#386089,#386089
usa,sick,DC,0.24,0.037,#297375,#297375
usa,sick,DG,0.404,0.048,#21704f,#21704f
usa,sick,DH,0.7,0.043,#677f35,#677f35
usa,sick,DO,0.515,0.044,#864d2b,#864d2b
usa,sick,DP,0.162,0.029,#723484,#723484
usa,sick,DR,0.421,0.044,#8a2b38,#8a2b38
usa,sick,DY,0.737,0.04,#8a7527,#8a7527
usa,sick,LB,0.18,0.031,#aacffb,#aacffb
usa,sick,LC,0.21,0.035,#9de5e4,#9de5e4
usa,sick,LG,0.311,0.035,#95e2b8,#95e2b8
usa,sick,LH,0.429,0.042,#dbf099,#dbf099
usa,sick,LO,0.297,0.042,#fbc9a3,#fbc9a3
usa,sick,LP,0.127,0.027,#dfa7fa,#dfa7fa
usa,sick,LR,0.212,0.035,#fc9fa3,#fc9fa3
usa,sick,LY,0.339,0.038,#fff498,#fff498
usa,sick,MB,0.179,0.03,#7196c0,#7196c0
usa,sick,MC,0.222,0.035,#65acac,#65acac
usa,sick,MG,0.423,0.041,#62ae88,#62ae88
usa,sick,MH,0.659,0.035,#a0b668,#a0b668
usa,sick,MO,0.408,0.039,#ce916c,#ce916c
usa,sick,MP,0.15,0.028,#a66fbd,#a66fbd
usa,sick,MR,0.262,0.039,#c5666b,#c5666b
usa,sick,MY,0.516,0.038,#dab572,#dab572
usa,sick,SB,0.125,0.026,#4fa7ef,#4fa7ef
usa,sick,SC,0.152,0.03,#27d1cd,#27d1cd
usa,sick,SG,0.336,0.043,#04c981,#04c981
usa,sick,SH,0.448,0.05,#bde638,#bde638
usa,sick,SO,0.306,0.041,#f89e2d,#f89e2d
usa,sick,SP,0.124,0.026,#b740da,#b740da
usa,sick,SR,0.326,0.044,#f03a52,#f03a52
usa,sick,SY,0.321,0.047,#fff329,#fff329
usa,sick,WH,0.184,0.042,#ffffff,#000000
usa,tree,A1,0.099,0.019,#656168,#656168
usa,tree,A2,0.093,0.018,#9d97a0,#9d97a0
usa,tree,A3,0.133,0.026,#d8cfdb,#d8cfdb
usa,tree,BK,0.138,0.026,#323033,#323033
usa,tree,DB,0.127,0.022,#386089,#386089
usa,tree,DC,0.362,0.041,#297375,#297375
usa,tree,DG,0.878,0.026,#21704f,#21704f
usa,tree,DH,0.802,0.033,#677f35,#677f35
usa,tree,DO,0.652,0.045,#864d2b,#864d2b
usa,tree,DP,0.052,0.013,#723484,#723484
usa,tree,DR,0.193,0.033,#8a2b38,#8a2b38
usa,tree,DY,0.409,0.04,#8a7527,#8a7527
usa,tree,LB,0.13,0.023,#aacffb,#aacffb
usa,tree,LC,0.164,0.028,#9de5e4,#9de5e4
usa,tree,LG,0.389,0.039,#95e2b8,#95e2b8
usa,tree,LH,0.351,0.039,#dbf099,#dbf099
usa,tree,LO,0.212,0.031,#fbc9a3,#fbc9a3
usa,tree,LP,0.084,0.02,#dfa7fa,#dfa7fa
usa,tree,LR,0.117,0.022,#fc9fa3,#fc9fa3
usa,tree,LY,0.195,0.03,#fff498,#fff498
usa,tree,MB,0.107,0.021,#7196c0,#7196c0
usa,tree,MC,0.221,0.031,#65acac,#65acac
usa,tree,MG,0.717,0.033,#62ae88,#62ae88
usa,tree,MH,0.707,0.036,#a0b668,#a0b668
usa,tree,MO,0.273,0.038,#ce916c,#ce916c
usa,tree,MP,0.097,0.02,#a66fbd,#a66fbd
usa,tree,MR,0.144,0.027,#c5666b,#c5666b
usa,tree,MY,0.267,0.035,#dab572,#dab572
usa,tree,SB,0.132,0.025,#4fa7ef,#4fa7ef
usa,tree,SC,0.16,0.03,#27d1cd,#27d1cd
usa,tree,SG,0.669,0.038,#04c981,#04c981
usa,tree,SH,0.421,0.038,#bde638,#bde638
usa,tree,SO,0.204,0.029,#f89e2d,#f89e2d
usa,tree,SP,0.079,0.016,#b740da,#b740da
usa,tree,SR,0.126,0.026,#f03a52,#f03a52
usa,tree,SY,0.255,0.037,#fff329,#fff329
usa,tree,WH,0.126,0.025,#ffffff,#000000
